price,bedrooms,bathrooms,size_square_meters,lat,lon,Price_per_square_meter,garden,AccommodationAccess15m,AirportsAccess15m,Eating and drinkingAccess15m,ShoppingAccess15m,Commercial servicesAccess15m,EducationAccess15m,HealthAccess15m,Manufacturing and productionAccess15m,id,Bodies of waterAccess15m,Bus stopAccess15m,CultureAccess15m,EntertainmentAccess15m,GamblingAccess15m,Green parkAccess15m,Public infrastructureAccess15m,Railway stationsAccess15m,SportsAccess15m,TourismAccess15m,Underground entranceAccess15m,distance_to_center
1294996.1538461538,4.769230769230769,3.076923076923077,248.15384615384616,51.406978953846156,0.03092749230769231,5887.415423923077,0.6923076923076923,0.5384615384615384,0.0,40.84615384615385,22.153846153846153,96.0,8.153846153846153,19.153846153846153,7.923076923076923,694.9230769230769,0.3076923076923077,31.46153846153846,0.8461538461538461,2.076923076923077,1.6923076923076923,1.6923076923076923,49.92307692307692,0.6923076923076923,3.923076923076923,0.7692307692307693,0.0,15.709571454789627
1800454.5454545454,4.090909090909091,2.272727272727273,177.8181818181818,51.385132681818185,0.02478047272727273,7953.520735363637,0.8181818181818182,0.7272727272727273,0.0,59.90909090909091,47.54545454545455,140.36363636363637,12.363636363636363,19.363636363636363,15.818181818181818,744.8181818181819,0.18181818181818182,32.81818181818182,1.4545454545454546,2.8181818181818183,1.9090909090909092,1.5454545454545454,53.45454545454545,0.5454545454545454,7.636363636363637,1.5454545454545454,0.0,17.273773021697433
952857.1428571428,3.5714285714285716,2.0,145.14285714285714,51.40498042857143,-0.028794314285714284,6440.4026004285715,0.5714285714285714,1.2857142857142858,0.0,140.14285714285714,43.714285714285715,249.42857142857142,19.0,48.57142857142857,25.0,788.5714285714286,0.42857142857142855,56.285714285714285,1.8571428571428572,6.428571428571429,3.4285714285714284,1.0,81.14285714285714,1.7142857142857142,8.285714285714286,4.857142857142857,0.0,13.318319933530573
772500.0,4.0,1.0,119.5,51.3805178,-0.009062599999999999,6487.769835,1.0,0.0,0.0,36.0,25.0,87.0,3.5,18.0,8.0,480.5,0.0,19.0,0.5,0.5,1.5,0.5,33.5,0.0,2.0,0.0,0.0,16.387460826364574
1100000.0,5.0,3.0,229.0,51.3886523,0.0786346,4803.49345,0.0,0.0,0.0,65.0,28.0,120.0,14.0,22.0,4.0,468.0,0.0,40.0,0.0,2.0,3.0,3.0,49.0,1.0,7.0,2.0,0.0,19.506425994668607
1565000.0,4.25,3.25,219.0,51.3584127,0.099629125,6087.32085925,0.25,0.5,0.0,7.75,3.75,30.5,4.75,6.5,2.5,1817.0,0.0,16.25,0.0,0.0,1.0,1.0,18.75,0.25,3.0,0.25,0.0,22.923669319251747
1433333.3333333333,4.0,2.6666666666666665,191.33333333333334,51.4153964,0.0685101,7069.688362333333,0.6666666666666666,0.6666666666666666,0.0,29.333333333333332,14.666666666666666,69.66666666666667,6.666666666666667,11.666666666666666,4.333333333333333,469.0,0.0,25.0,3.6666666666666665,1.0,0.3333333333333333,2.6666666666666665,32.666666666666664,0.0,2.6666666666666665,0.3333333333333333,0.0,17.062159680820056
1284285.7142857143,3.9047619047619047,2.380952380952381,192.42857142857142,51.37750242380952,-0.08126342923809524,7087.839258714285,0.6666666666666666,2.9523809523809526,0.0,149.61904761904762,67.28571428571429,271.95238095238096,22.285714285714285,37.666666666666664,25.761904761904763,1111.3333333333333,0.047619047619047616,51.0,3.5238095238095237,6.190476190476191,6.0476190476190474,2.6666666666666665,103.0,0.7142857142857143,7.0476190476190474,3.4761904761904763,0.0,14.867382022513372
1700000.0,4.142857142857143,2.5714285714285716,207.28571428571428,51.34310075714286,-0.08684545971428571,8420.057524,0.5714285714285714,0.5714285714285714,0.0,57.42857142857143,21.857142857142858,128.14285714285714,12.142857142857142,21.571428571428573,8.285714285714286,1457.4285714285713,0.0,30.0,1.4285714285714286,1.5714285714285714,1.5714285714285714,1.5714285714285714,55.142857142857146,0.7142857142857143,5.857142857142857,1.2857142857142858,0.0,18.52673495350666
598333.3333333334,3.466666666666667,1.8666666666666667,107.93333333333334,51.40882409333334,-0.15966129333333334,5789.506483533333,0.9333333333333333,0.3333333333333333,0.0,57.0,22.066666666666666,134.86666666666667,10.2,15.333333333333334,19.333333333333332,2564.0,0.2,33.86666666666667,0.5333333333333333,2.2666666666666666,2.6666666666666665,3.0,51.53333333333333,0.5333333333333333,5.133333333333334,1.2666666666666666,0.26666666666666666,11.21982318633548
1335000.0,3.8,1.4,153.4,51.39709104,-0.10223024,7135.976067399999,0.8,4.4,0.0,130.6,34.4,190.4,18.4,41.6,22.6,625.4,0.0,38.8,1.4,1.4,4.0,1.8,78.4,0.4,4.6,0.2,0.0,12.414589884724915
593750.0,2.75,1.5,92.25,51.335415425,-0.1051475,6478.3623072499995,1.0,0.5,0.0,40.0,15.0,91.5,7.25,19.75,8.0,707.5,0.0,31.0,3.25,2.25,0.75,0.5,51.25,0.5,8.0,2.5,0.0,19.20692003131944
454166.6666666667,3.3333333333333335,1.5,109.83333333333333,51.45231866666666,0.17986923333333335,4525.849142166667,0.6666666666666666,0.16666666666666666,0.0,36.0,21.833333333333332,66.16666666666667,7.0,7.333333333333333,13.666666666666666,241.5,0.0,19.0,3.6666666666666665,1.8333333333333333,2.0,1.0,34.333333333333336,0.3333333333333333,4.833333333333333,1.1666666666666667,0.0,22.239007101965374
654444.3333333334,3.0,1.6666666666666667,120.0,51.42574042222222,0.10842369933333335,6096.974716,0.5555555555555556,1.7777777777777777,0.0,68.66666666666667,28.77777777777778,136.55555555555554,14.222222222222221,29.333333333333332,20.11111111111111,231.33333333333334,0.1111111111111111,30.88888888888889,1.5555555555555556,5.555555555555555,1.2222222222222223,0.8888888888888888,62.888888888888886,0.1111111111111111,5.444444444444445,0.7777777777777778,0.0,18.768820975110607
508571.4285714286,2.4285714285714284,1.2857142857142858,91.71428571428571,51.44001865714286,0.10006008571428571,5784.527102428571,0.8571428571428571,1.1428571428571428,0.0,53.857142857142854,21.857142857142858,117.57142857142857,12.857142857142858,22.857142857142858,12.428571428571429,241.42857142857142,0.14285714285714285,42.857142857142854,1.8571428571428572,2.4285714285714284,1.4285714285714286,1.8571428571428572,58.0,0.42857142857142855,3.5714285714285716,0.14285714285714285,0.0,17.53137206791948
522500.0,3.0,1.5,178.5,51.4653113,0.1089294875,4579.5716629,0.625,0.125,0.0,43.25,16.75,78.625,7.5,14.375,6.375,232.375,0.0,25.375,2.375,1.375,1.25,0.75,34.25,0.125,0.625,0.0,0.0,17.11398723790962
482500.0,3.0,1.25,108.25,51.485717775,0.1487347,4456.69751525,1.0,0.0,0.0,30.5,11.5,60.0,9.5,9.0,6.75,238.5,0.0,30.75,2.75,3.25,1.5,2.25,42.0,0.75,3.25,0.0,0.0,19.35692110289022
716666.6666666666,3.6666666666666665,1.3333333333333333,125.33333333333333,51.445174900000005,0.1314637,5719.475434666667,0.6666666666666666,0.3333333333333333,0.0,27.0,9.666666666666666,73.0,3.3333333333333335,9.666666666666666,7.0,218.66666666666666,0.3333333333333333,25.333333333333332,0.6666666666666666,0.3333333333333333,1.0,1.3333333333333333,33.0,0.3333333333333333,3.0,0.0,0.0,19.300210035912144
521250.0,2.5,1.25,96.0,51.456023325000004,0.13793955,5914.0026335,0.5,3.25,0.0,138.0,86.0,231.75,12.5,36.75,22.75,676.0,0.0,50.0,8.0,9.5,3.5,1.0,94.0,0.0,11.0,1.75,0.0,19.325262042732824
400833.3333333333,2.6666666666666665,1.1666666666666667,81.33333333333333,51.464548666666666,0.1589179,5099.094046833333,0.16666666666666666,0.5,0.0,39.833333333333336,15.833333333333334,75.5,8.5,11.166666666666666,5.0,246.33333333333334,0.16666666666666666,23.0,1.8333333333333333,2.6666666666666665,1.1666666666666667,0.8333333333333334,33.166666666666664,0.5,1.6666666666666667,0.6666666666666666,0.0,20.48607958644532
510750.0,3.1666666666666665,2.1666666666666665,100.83333333333333,51.47885831666667,0.1722141265,4834.202795166667,0.6666666666666666,0.0,0.0,34.0,14.0,63.333333333333336,8.5,9.833333333333334,11.833333333333334,229.16666666666666,0.0,31.5,2.3333333333333335,2.5,1.1666666666666667,1.8333333333333333,38.5,0.0,2.8333333333333335,0.16666666666666666,0.0,21.082126062075428
1177026.8918918918,2.4054054054054053,1.837837837837838,110.02702702702703,51.51421973378378,-0.06365770691891892,11532.675359324325,0.4594594594594595,23.972972972972972,0.0,513.5135135135135,217.97297297297297,961.8108108108108,80.86486486486487,70.1891891891892,74.64864864864865,3104.7567567567567,0.0,59.7027027027027,15.891891891891891,22.243243243243242,12.08108108108108,14.27027027027027,197.32432432432432,2.2432432432432434,23.405405405405407,32.37837837837838,13.972972972972974,4.535961375158087
713999.8,3.24,1.56,107.96,51.566583412,-0.014704432,6582.526904599999,0.72,0.96,0.0,184.68,47.32,245.04,21.56,30.4,28.88,3134.4,0.0,38.64,1.64,4.6,7.32,3.92,74.28,0.44,8.56,6.28,0.76,10.259120779102636
864999.9375,3.375,1.625,127.1875,51.57500735,0.024763262875,6927.193064625,0.4375,0.8125,0.0,101.125,28.4375,168.4375,12.5625,30.5,12.625,2603.3125,0.0,35.125,2.1875,1.1875,3.875,1.6875,63.75,0.1875,6.0,2.9375,3.875,13.004667696678412
524857.1428571428,3.0,1.2857142857142858,96.85714285714286,51.55487071428571,0.053697828571428574,5419.896572428572,0.7142857142857143,3.857142857142857,0.0,206.71428571428572,91.0,299.0,25.571428571428573,34.285714285714285,30.142857142857142,2739.8571428571427,0.0,40.857142857142854,2.5714285714285716,4.285714285714286,8.428571428571429,4.285714285714286,95.85714285714286,2.4285714285714284,6.428571428571429,1.1428571428571428,0.0,13.668731736382894
630384.6153846154,2.6153846153846154,1.5384615384615385,113.84615384615384,51.52711961153846,0.030035588846153847,6475.611818692308,0.6923076923076923,0.5384615384615384,0.0,185.69230769230768,61.84615384615385,238.07692307692307,19.923076923076923,36.38461538461539,14.615384615384615,2665.6923076923076,0.07692307692307693,51.46153846153846,1.4615384615384615,4.615384615384615,9.153846153846153,5.3076923076923075,87.46153846153847,0.15384615384615385,6.0,2.3076923076923075,3.0,11.182495976288699
1039874.4204545454,2.2954545454545454,1.9318181818181819,103.73863636363636,51.50305946193182,-0.018484318045454546,10404.047801102271,0.36363636363636365,4.125,0.5113636363636364,222.2159090909091,90.45454545454545,409.53409090909093,38.79545454545455,39.35227272727273,26.125,3156.0795454545455,0.13636363636363635,48.52272727272727,5.954545454545454,6.681818181818182,4.2272727272727275,12.022727272727273,106.63636363636364,0.8522727272727273,12.125,6.488636363636363,2.25,7.634202015478828
583103.2413793104,2.586206896551724,1.4137931034482758,89.75862068965517,51.541488303448276,0.004721940724137931,6798.02472024138,0.6896551724137931,5.724137931034483,0.0,199.79310344827587,97.20689655172414,283.1034482758621,27.586206896551722,38.0,21.310344827586206,2669.4827586206898,0.0,50.689655172413794,4.517241379310345,6.172413793103448,6.689655172413793,9.724137931034482,97.86206896551724,1.2758620689655173,10.379310344827585,4.586206896551724,2.3793103448275863,9.975261000753047
611914.6153846154,1.8615384615384616,1.646153846153846,73.3076923076923,51.510570506923074,0.01588083767692308,8410.691393846153,0.6461538461538462,3.3692307692307693,0.09230769230769231,104.23076923076923,21.307692307692307,126.8923076923077,10.015384615384615,12.323076923076924,18.369230769230768,2648.8,0.47692307692307695,42.92307692307692,2.1076923076923078,3.9846153846153847,3.2615384615384615,7.4,64.87692307692308,0.7846153846153846,7.569230769230769,2.1538461538461537,4.6,10.0007823118305
614831.0135135135,2.8378378378378377,1.3783783783783783,104.70270270270271,51.588802181081086,-0.01760603208108108,6495.166771581081,0.6621621621621622,1.337837837837838,0.0,146.5810810810811,53.2972972972973,199.25675675675674,17.324324324324323,25.27027027027027,26.405405405405407,3214.4054054054054,0.3783783783783784,48.648648648648646,1.7837837837837838,4.675675675675675,5.054054054054054,5.0,74.01351351351352,1.337837837837838,6.391891891891892,7.27027027027027,2.1216216216216215,11.881521700786047
792352.5882352941,2.6470588235294117,1.411764705882353,130.94117647058823,51.592671741176474,0.027698052647058824,6775.844474517647,0.8235294117647058,0.35294117647058826,0.0,81.76470588235294,32.64705882352941,202.64705882352942,18.0,38.05882352941177,13.647058823529411,2528.470588235294,0.0,32.529411764705884,2.5294117647058822,2.6470588235294117,2.7058823529411766,1.0588235294117647,71.05882352941177,0.0,4.9411764705882355,2.3529411764705883,3.0588235294117645,14.372863680890454
1437615.3846153845,2.6923076923076925,2.3846153846153846,145.6153846153846,51.50578901153846,-0.0615314136923077,10672.314776692307,0.15384615384615385,5.461538461538462,0.0,206.0,59.46153846153846,314.3076923076923,30.53846153846154,31.923076923076923,27.384615384615383,3174.769230769231,0.38461538461538464,52.76923076923077,13.384615384615385,10.076923076923077,5.230769230769231,15.153846153846153,102.61538461538461,3.6153846153846154,17.384615384615383,21.53846153846154,5.3076923076923075,4.60632536966652
2287493.75,2.75,2.0,150.0,51.527806675,-0.05345775625,10819.7080365,0.5,5.625,0.0,286.875,112.875,414.25,41.75,41.375,40.375,2843.0,0.25,45.0,7.375,16.625,7.25,11.25,115.25,1.5,13.5,11.0,3.75,5.650727444304819
913333.3333333334,2.6666666666666665,1.4444444444444444,114.66666666666667,51.526097488888894,-0.02690681111111111,8140.616757111111,0.3333333333333333,6.555555555555555,0.0,231.22222222222223,60.22222222222222,328.1111111111111,42.111111111111114,43.111111111111114,30.88888888888889,3175.4444444444443,0.2222222222222222,71.44444444444444,7.0,6.0,10.333333333333334,16.444444444444443,139.0,1.1111111111111112,15.777777777777779,19.444444444444443,9.777777777777779,7.330677756456026
619181.8181818182,3.4363636363636365,1.690909090909091,118.65454545454546,51.62099132181818,-0.008638618181818181,5445.496852218182,0.8,0.2545454545454545,0.0,67.18181818181819,26.345454545454544,118.14545454545454,9.981818181818182,22.21818181818182,10.527272727272727,3341.818181818182,0.05454545454545454,31.0,0.7818181818181819,2.4727272727272727,2.6363636363636362,1.7636363636363637,44.32727272727273,0.2545454545454545,5.618181818181818,2.709090909090909,0.0,15.115398840715324
1263888.888888889,3.5555555555555554,1.5555555555555556,134.77777777777777,51.55558858888889,-0.04540741111111111,9166.845668111111,0.6666666666666666,0.4444444444444444,0.0,103.44444444444444,21.444444444444443,133.33333333333334,15.88888888888889,25.88888888888889,10.88888888888889,1046.3333333333333,0.0,43.888888888888886,2.4444444444444446,5.666666666666667,1.8888888888888888,13.777777777777779,70.55555555555556,0.5555555555555556,6.444444444444445,4.777777777777778,0.0,7.861406372830548
528235.2941176471,3.0,1.2352941176470589,86.70588235294117,51.520262432352936,0.05471058047058824,6187.384607058823,0.8823529411764706,0.8823529411764706,0.0,41.470588235294116,12.117647058823529,76.29411764705883,9.529411764705882,11.058823529411764,6.294117647058823,2468.176470588235,0.35294117647058826,30.470588235294116,1.2352941176470589,0.6470588235294118,2.235294117647059,4.176470588235294,46.588235294117645,0.0,2.6470588235294117,0.35294117647058826,0.058823529411764705,12.784733479461783
609166.6666666666,3.25,1.5833333333333333,111.08333333333333,51.546650400000004,0.026206474999999996,5619.124848416667,0.5,3.8333333333333335,0.0,235.66666666666666,116.83333333333333,328.25,27.666666666666668,36.583333333333336,35.5,2294.4166666666665,0.0,44.666666666666664,3.0,3.8333333333333335,7.666666666666667,4.75,105.91666666666667,2.3333333333333335,5.0,1.6666666666666667,0.5,11.554752692419713
1038958.3333333334,2.7916666666666665,1.75,104.54166666666667,51.543894618749995,-0.06304695175,9795.977369166667,0.4166666666666667,6.541666666666667,0.0,321.875,97.66666666666667,391.0416666666667,33.0,55.625,52.125,1154.625,0.4583333333333333,74.25,8.291666666666666,18.666666666666668,7.25,16.708333333333332,145.70833333333334,3.9583333333333335,19.25,10.333333333333334,0.25,6.082688454517894
1347142.857142857,3.0,1.7857142857142858,144.85714285714286,51.542595049999996,-0.042334092857142853,9394.426573857143,0.42857142857142855,2.9285714285714284,0.0,150.71428571428572,30.0,185.35714285714286,20.0,37.0,26.5,1132.5714285714287,0.42857142857142855,51.214285714285715,5.0,5.5,3.0,14.142857142857142,91.78571428571429,1.1428571428571428,11.0,5.5,0.0,7.112218466804457
827500.0,1.5,1.5,65.0,51.51742045,-0.10038615000000001,12580.227745,0.0,43.0,0.0,1271.0,635.5,4162.0,162.5,246.0,473.5,670.0,6.0,159.0,66.0,98.5,21.5,3.5,575.5,7.0,56.0,210.5,56.5,2.207972573822607
712500.0,2.0,1.5,65.5,51.5213278,-0.099711573,10843.554595000001,0.0,28.0,0.0,585.0,272.5,1968.5,101.5,119.0,310.5,1931.5,5.0,84.0,30.5,55.0,9.0,11.5,260.5,4.5,33.0,83.5,19.0,2.491424129900648
950000.0,3.0,2.0,92.0,51.51864,-0.1053392,10326.08696,1.0,99.0,0.0,2431.0,1132.0,5726.0,227.0,393.0,588.0,638.0,3.0,223.0,79.0,210.0,34.0,7.0,855.0,11.0,76.0,273.0,81.0,1.9987740285458409
1466083.3333333333,2.6666666666666665,1.8333333333333333,121.16666666666667,51.52447684166666,-0.10595175233333333,11700.583624333332,0.5,37.833333333333336,0.0,633.1666666666666,302.1666666666667,1876.6666666666667,101.33333333333333,120.83333333333333,294.3333333333333,1467.3333333333333,1.0,100.16666666666667,21.5,59.0,8.0,14.333333333333334,275.0,3.0,27.333333333333332,67.33333333333333,15.333333333333334,2.445147811874702
1126944.642857143,2.142857142857143,1.75,94.42857142857143,51.52842984642857,-0.09637593700000001,11886.484380107142,0.25,38.892857142857146,0.0,704.75,280.7857142857143,2645.75,150.75,159.35714285714286,228.89285714285714,1766.857142857143,2.5714285714285716,125.21428571428571,22.964285714285715,81.42857142857143,10.142857142857142,22.285714285714285,362.57142857142856,2.857142857142857,44.07142857142857,65.14285714285714,20.178571428571427,3.221114540699436
668333.3333333334,1.3333333333333333,1.3333333333333333,58.0,51.523507200000005,-0.08840371333333334,11461.489896666666,0.6666666666666666,72.0,0.0,1422.3333333333333,441.0,4442.333333333333,236.66666666666666,260.6666666666667,326.3333333333333,1938.6666666666667,5.333333333333333,214.66666666666666,55.0,125.0,19.333333333333332,15.0,626.6666666666666,8.333333333333334,76.33333333333333,153.66666666666666,50.0,3.2698807044735716
2456206.896551724,2.1724137931034484,1.8620689655172413,105.10344827586206,51.5222233,-0.08104078689655173,21706.45237282759,0.0,26.79310344827586,0.0,903.1379310344828,354.0344827586207,2416.206896551724,132.31034482758622,134.20689655172413,168.20689655172413,998.2758620689655,0.0,91.79310344827586,25.0,82.44827586206897,11.275862068965518,2.896551724137931,306.9655172413793,5.172413793103448,33.37931034482759,40.3448275862069,14.517241379310345,3.6415890041219403
1132500.0,2.0,2.0,85.5,51.5170765,-0.07967194999999999,13395.061730000001,0.5,66.5,0.0,1799.0,647.0,4592.0,205.5,287.5,353.5,1907.0,2.5,193.5,68.5,103.0,36.5,8.0,668.0,10.0,78.0,178.0,64.5,3.5122148555534247
1632500.0,2.5,1.5,141.0,51.5184077,-0.0930463805,12012.38235,0.0,19.5,0.0,678.5,186.0,2208.5,87.0,148.0,126.5,667.0,8.0,85.0,42.5,32.5,11.5,1.5,306.5,4.5,41.0,105.5,33.0,2.705670261698123
2900000.0,2.5,1.0,120.5,51.5145171,-0.0773436,23735.955055,0.0,39.0,0.0,1165.0,414.0,3077.0,140.0,203.0,154.0,664.0,1.0,110.0,38.0,48.0,27.0,2.0,419.0,7.0,58.0,101.0,41.0,3.5912611671730423
1700000.0,2.0,2.0,151.0,51.5105491,-0.082965,11258.27815,0.0,40.0,0.0,1151.0,261.0,3281.0,96.0,187.0,169.0,666.0,0.0,134.0,57.0,56.0,30.0,1.0,448.0,7.0,50.0,164.0,63.0,3.132409833944841
545000.0,1.0,1.0,55.0,51.5107754,-0.077757,9909.090909,0.0,45.0,0.0,1035.0,292.0,2733.0,109.0,133.0,150.0,674.0,0.0,104.0,49.0,54.0,28.0,5.0,401.0,6.0,54.0,118.0,52.0,3.4945577335296725
550000.0,1.0,1.0,42.0,51.5110451,-0.0895151,13095.2381,0.0,57.0,0.0,1729.0,421.0,4700.0,155.0,296.0,272.0,673.0,0.0,226.0,104.0,100.0,39.0,6.0,743.0,12.0,78.0,264.0,92.0,2.6887470587510967
695451.8181818182,3.727272727272727,1.8181818181818181,148.0909090909091,51.65060135454546,-0.06621636363636364,4995.94994890909,0.6363636363636364,0.2727272727272727,0.0,48.36363636363637,27.181818181818183,105.9090909090909,12.090909090909092,23.727272727272727,8.818181818181818,913.6363636363636,0.09090909090909091,36.54545454545455,1.1818181818181819,2.727272727272727,2.4545454545454546,3.6363636363636362,45.90909090909091,1.0909090909090908,4.909090909090909,1.6363636363636365,0.0,16.499166863753587
1030768.8461538461,3.4615384615384617,1.8461538461538463,142.15384615384616,51.66325179230769,-0.09778689292307693,7831.624555,0.6923076923076923,0.3076923076923077,0.0,39.15384615384615,25.0,93.46153846153847,8.153846153846153,14.538461538461538,4.6923076923076925,865.3846153846154,0.3076923076923077,24.46153846153846,0.9230769230769231,1.8461538461538463,1.8461538461538463,0.3076923076923077,35.38461538461539,0.6153846153846154,3.076923076923077,1.4615384615384615,0.07692307692307693,17.509080681562132
516666.1111111111,3.3333333333333335,1.4444444444444444,99.88888888888889,51.66894412222222,-0.031867,5197.378453,0.6666666666666666,0.1111111111111111,0.0,7.0,1.8888888888888888,11.555555555555555,1.5555555555555556,2.888888888888889,0.6666666666666666,1199.6666666666667,0.3333333333333333,6.333333333333333,0.0,0.0,0.2222222222222222,0.5555555555555556,4.111111111111111,0.0,0.2222222222222222,0.1111111111111111,0.0,19.1940990813278
1942777.7777777778,4.666666666666667,3.7777777777777777,300.8888888888889,51.65506384444444,-0.16016340166666668,6842.493830444444,0.7777777777777778,0.2222222222222222,0.0,27.333333333333332,9.88888888888889,46.666666666666664,4.0,9.222222222222221,2.888888888888889,515.1111111111111,0.1111111111111111,16.444444444444443,1.0,0.8888888888888888,1.3333333333333333,0.5555555555555556,19.333333333333332,0.1111111111111111,3.7777777777777777,0.5555555555555556,1.5555555555555556,16.605021568533086
1092058.8235294118,4.176470588235294,2.4705882352941178,175.05882352941177,51.65143336470588,-0.1978539823529412,6382.359696882353,0.5882352941176471,1.0,0.0,61.35294117647059,28.41176470588235,155.2941176470588,13.705882352941176,30.352941176470587,13.647058823529411,461.94117647058823,0.11764705882352941,42.88235294117647,3.3529411764705883,3.2941176470588234,2.1176470588235294,1.1764705882352942,61.05882352941177,0.23529411764705882,5.529411764705882,1.8235294117647058,0.5882352941176471,16.779584617649622
695996.4285714285,3.4285714285714284,2.0,116.92857142857143,51.547257957142854,-0.2982397644285714,6403.225156714286,0.7857142857142857,1.5,0.0,84.78571428571429,51.5,148.42857142857142,13.642857142857142,17.5,24.714285714285715,396.92857142857144,0.0,29.571428571428573,0.5,2.0,5.571428571428571,2.357142857142857,57.714285714285715,0.7857142857142857,3.7857142857142856,1.7142857142857142,1.4285714285714286,12.646217961074125
737470.8947368421,3.026315789473684,1.8421052631578947,113.86842105263158,51.57812313026316,-0.33674868905263156,6592.807259842106,0.6578947368421053,2.6842105263157894,0.0,118.5,55.8421052631579,253.0,21.526315789473685,37.5,23.236842105263158,1495.421052631579,0.0,36.578947368421055,1.605263157894737,4.2894736842105265,5.631578947368421,1.2894736842105263,75.78947368421052,0.8157894736842105,9.657894736842104,3.526315789473684,3.210526315789474,16.519739079973252
658681.5789473684,3.263157894736842,1.7894736842105263,117.05263157894737,51.57124176315789,-0.3571884842105263,5964.641746894737,0.631578947368421,1.263157894736842,0.0,101.6842105263158,34.73684210526316,173.57894736842104,14.842105263157896,25.157894736842106,16.68421052631579,1557.1052631578948,0.0,33.63157894736842,0.5263157894736842,3.473684210526316,3.8421052631578947,2.3157894736842106,56.94736842105263,0.5789473684210527,5.684210526315789,2.4210526315789473,2.526315789473684,17.469836760942723
1029344.8275862068,3.5172413793103448,2.0344827586206895,136.6206896551724,51.597795827586204,-0.3305126460689655,7252.7284302068965,0.6551724137931034,0.4827586206896552,0.0,94.3103448275862,25.517241379310345,160.9655172413793,17.413793103448278,28.482758620689655,16.79310344827586,1497.2413793103449,0.10344827586206896,34.275862068965516,2.0,3.8620689655172415,4.517241379310345,1.5517241379310345,61.275862068965516,0.6206896551724138,5.586206896551724,2.9310344827586206,1.5862068965517242,17.29597175593347
817222.2222222222,2.888888888888889,1.8888888888888888,123.0,51.56882631111111,-0.40625324044444444,6513.258639,0.7777777777777778,1.1111111111111112,0.0,51.22222222222222,23.0,93.33333333333333,7.222222222222222,16.444444444444443,10.666666666666666,1542.5555555555557,0.1111111111111111,17.555555555555557,0.5555555555555556,2.888888888888889,1.6666666666666667,2.2222222222222223,36.77777777777778,0.6666666666666666,5.666666666666667,0.2222222222222222,3.5555555555555554,20.510388796053103
719185.4166666666,2.9583333333333335,1.6666666666666667,111.83333333333333,51.59421488125,-0.38387938662500004,6945.328733333333,0.5833333333333334,0.25,0.0,60.875,24.708333333333332,132.91666666666666,15.0,27.5,10.125,1538.4583333333333,0.0,29.5,2.5833333333333335,2.2916666666666665,1.3333333333333333,2.0833333333333335,54.833333333333336,0.125,5.958333333333333,2.75,1.875,20.241413800169855
1024285.0,3.857142857142857,1.8571428571428572,160.42857142857142,51.60760015714286,-0.4163497,6391.284226000001,1.0,0.0,0.0,45.57142857142857,17.428571428571427,101.14285714285714,12.571428571428571,21.571428571428573,7.142857142857143,1664.0,0.14285714285714285,25.857142857142858,1.2857142857142858,1.8571428571428572,1.7142857142857142,0.8571428571428571,38.714285714285715,0.0,5.857142857142857,0.42857142857142855,2.142857142857143,22.911023876521234
825416.6666666666,3.125,1.7083333333333333,127.54166666666667,51.61611775416666,-0.307588600125,6448.4978729375,0.7708333333333334,0.625,0.0,85.20833333333333,27.854166666666668,156.66666666666666,11.958333333333334,27.854166666666668,10.583333333333334,1550.3541666666667,0.22916666666666666,37.0,3.0833333333333335,4.041666666666667,4.770833333333333,3.6666666666666665,45.958333333333336,0.0,5.291666666666667,2.0,4.75,17.381144891740636
1349085.294117647,4.117647058823529,2.7058823529411766,185.52941176470588,51.61551881176471,-0.27203166352941177,7932.358493,0.7647058823529411,1.0588235294117647,0.0,67.88235294117646,26.764705882352942,126.52941176470588,14.352941176470589,26.058823529411764,12.764705882352942,728.9411764705883,0.11764705882352941,31.941176470588236,1.411764705882353,1.6470588235294117,3.5294117647058822,1.7647058823529411,42.529411764705884,0.058823529411764705,3.7058823529411766,0.6470588235294118,1.6470588235294117,15.656834102943844
856904.7619047619,3.5238095238095237,2.1904761904761907,131.57142857142858,51.560738935714284,-0.2853595282857143,6780.627111619047,0.8095238095238095,6.476190476190476,0.0,172.0952380952381,66.9047619047619,226.61904761904762,17.238095238095237,33.04761904761905,25.428571428571427,394.95238095238096,0.0,49.95238095238095,1.0,4.428571428571429,9.047619047619047,2.7142857142857144,75.38095238095238,0.9047619047619048,7.714285714285714,1.3333333333333333,5.523809523809524,12.4545179839852
2117666.6666666665,4.866666666666666,3.0,184.0,51.56124653333333,0.06775962666666667,7864.321192866667,0.5333333333333333,7.2,0.0,166.46666666666667,75.53333333333333,275.46666666666664,28.6,39.6,21.666666666666668,2560.133333333333,0.4,37.666666666666664,3.7333333333333334,4.266666666666667,7.266666666666667,2.1333333333333333,78.4,0.8,6.0,1.2,2.533333333333333,14.867248377491636
435500.0,2.4,1.7,86.6,51.533636109999996,0.0902150263,4861.0444571,0.4,1.5,0.0,102.4,42.2,152.6,12.9,20.8,10.2,18.1,0.1,26.9,0.4,2.5,5.1,7.1,53.5,1.2,4.4,0.4,4.6,15.442675613985141
560000.0,3.0,1.8333333333333333,112.83333333333333,51.574041,0.07808741666666667,5461.260974666667,0.6666666666666666,2.0,0.0,100.16666666666667,33.5,177.33333333333334,18.166666666666668,23.833333333333332,11.666666666666666,2767.8333333333335,0.16666666666666666,38.333333333333336,4.333333333333333,2.1666666666666665,3.8333333333333335,1.5,61.5,0.3333333333333333,4.5,0.16666666666666666,6.166666666666667,16.101158974774993
485000.0,2.875,1.625,118.625,51.55642605,0.1017675375,4377.1278489999995,0.375,1.125,0.0,135.875,45.75,220.75,17.625,29.625,15.875,1748.375,0.25,43.375,2.5,2.0,7.25,0.625,77.125,1.375,7.25,0.375,0.0,16.85136609312217
759250.0,5.0,1.0,139.0,51.5815342,0.0485828,5462.230216,1.0,1.0,0.0,25.0,6.0,55.0,8.0,8.0,7.0,2765.0,0.0,18.0,0.0,2.0,1.0,2.0,34.0,0.0,1.0,0.0,2.0,14.75651933217672
675000.0,3.6666666666666665,1.6666666666666667,134.33333333333334,51.5872019,0.058285,5155.840921333333,1.0,0.3333333333333333,0.0,45.333333333333336,7.333333333333333,68.66666666666667,7.666666666666667,11.666666666666666,4.0,2771.3333333333335,0.0,16.0,0.6666666666666666,1.6666666666666667,2.3333333333333335,0.6666666666666666,31.0,0.0,1.6666666666666667,0.0,3.0,15.681631049445421
683333.3333333334,4.0,2.3333333333333335,164.66666666666666,51.59544136666667,0.094025816,4508.755058666667,0.6666666666666666,0.6666666666666666,0.0,33.333333333333336,17.333333333333332,91.0,7.0,10.666666666666666,16.333333333333332,2778.0,0.0,22.0,1.3333333333333333,1.6666666666666667,2.3333333333333335,1.0,35.666666666666664,0.0,1.0,0.0,0.3333333333333333,18.26914071318173
804759.4761904762,3.380952380952381,2.0476190476190474,134.66666666666666,51.60986411190476,0.035336190142857146,6372.127396619047,0.8571428571428571,0.23809523809523808,0.0,42.95238095238095,12.380952380952381,92.47619047619048,11.80952380952381,19.0,5.095238095238095,2644.0,0.0,24.714285714285715,1.2857142857142858,0.5714285714285714,1.5238095238095237,0.19047619047619047,37.857142857142854,0.047619047619047616,6.428571428571429,2.0952380952380953,1.4761904761904763,16.107699741583186
938750.0,3.1666666666666665,2.125,127.5,51.408086689583335,-0.29832179354166666,7826.631838,0.9166666666666666,6.458333333333333,0.0,182.66666666666666,141.5,297.3333333333333,18.791666666666668,42.458333333333336,23.041666666666668,2222.0,0.0,68.79166666666667,3.375,11.375,4.0,3.4166666666666665,113.29166666666667,0.9166666666666666,8.958333333333334,4.666666666666667,0.0,16.21899511320218
1241098.3333333333,3.033333333333333,2.3333333333333335,167.1,51.41714027,-0.2864885576666667,7913.232866166667,0.5,3.3333333333333335,0.0,131.43333333333334,106.8,209.63333333333333,16.2,36.43333333333333,18.8,2222.0333333333333,0.13333333333333333,49.266666666666666,3.0,7.066666666666666,2.9,2.933333333333333,80.76666666666667,0.6333333333333333,10.3,3.0,0.0,14.947384502802235
831625.0,3.4,1.85,121.925,51.4021817175,-0.2606134675,6867.112560175,0.825,0.525,0.0,67.25,30.3,131.65,12.0,24.175,15.025,2258.125,0.0,27.15,0.925,1.925,2.175,2.2,53.775,0.475,7.6,0.175,0.0,14.932811852937245
592688.4615384615,3.3076923076923075,1.4615384615384615,102.61538461538461,51.37825003846154,-0.24082115384615385,5772.192225153847,0.5384615384615384,0.15384615384615385,0.0,52.07692307692308,20.076923076923077,119.23076923076923,10.076923076923077,17.153846153846153,8.0,2888.3846153846152,0.0,20.076923076923077,1.1538461538461537,1.2307692307692308,1.5384615384615385,2.0,47.15384615384615,0.6153846153846154,5.230769230769231,0.07692307692307693,0.0,16.389291362876346
531875.0,2.25,1.125,77.25,51.3933753625,-0.293530454,7057.569568375,0.875,1.625,0.0,59.625,17.75,123.5,12.25,22.875,14.875,2276.5,0.0,35.0,0.5,2.625,1.875,1.25,58.125,0.125,6.75,2.0,0.0,17.149470895417572
679117.6470588235,2.823529411764706,1.4705882352941178,150.88235294117646,51.386615252941176,-0.2998162925294117,5936.825487958824,0.6470588235294118,2.411764705882353,0.0,136.0,56.11764705882353,267.6470588235294,22.529411764705884,54.470588235294116,24.0,2198.1176470588234,0.0,57.411764705882355,0.7647058823529411,5.9411764705882355,5.0588235294117645,1.3529411764705883,94.41176470588235,1.0588235294117647,5.588235294117647,4.117647058823529,0.0,18.001466858040494
325000.0,2.0,1.0,59.0,51.3660776,-0.2967389,5249.918857500001,0.5,0.0,0.0,28.0,22.5,117.5,6.0,13.0,31.5,2243.0,0.0,33.0,1.5,2.5,2.0,3.0,56.5,0.5,3.5,1.0,0.0,19.63639775846845
1023549.8979591837,2.142857142857143,1.7142857142857142,112.18367346938776,51.53610536020408,-0.0949183427755102,10816.094115212243,0.24489795918367346,21.06122448979592,0.0,516.2448979591836,183.6530612244898,1281.9795918367347,81.89795918367346,104.3265306122449,109.55102040816327,1569.265306122449,0.9387755102040817,93.16326530612245,12.63265306122449,49.142857142857146,8.122448979591837,20.591836734693878,242.51020408163265,2.9591836734693877,28.918367346938776,35.44897959183673,9.10204081632653,4.006132423717743
939090.4545454546,2.8181818181818183,1.4545454545454546,102.81818181818181,51.59002667272728,-0.14092309090909091,9450.345075090909,0.5454545454545454,4.7272727272727275,0.2727272727272727,172.0909090909091,89.45454545454545,268.90909090909093,29.454545454545453,72.36363636363636,13.363636363636363,1348.0,0.7272727272727273,55.09090909090909,4.090909090909091,5.454545454545454,4.545454545454546,1.2727272727272727,89.54545454545455,0.5454545454545454,22.636363636363637,9.363636363636363,0.45454545454545453,9.244742200239202
870000.0,3.4615384615384617,1.5384615384615385,131.46153846153845,51.613882992307694,-0.14007662923076922,6950.033588307692,0.6153846153846154,0.8461538461538461,0.0,97.92307692307692,27.76923076923077,160.07692307692307,15.538461538461538,24.76923076923077,17.0,742.6923076923077,0.23076923076923078,50.76923076923077,0.6923076923076923,2.3846153846153846,4.230769230769231,2.6923076923076925,56.46153846153846,1.0,8.461538461538462,4.461538461538462,3.4615384615384617,11.893726891510552
1022222.2222222222,4.111111111111111,2.5555555555555554,162.88888888888889,51.616157477777776,-0.17493481111111112,6793.775923333334,0.4444444444444444,2.5555555555555554,0.0,121.88888888888889,61.55555555555556,309.44444444444446,27.0,49.77777777777778,29.88888888888889,403.22222222222223,0.1111111111111111,56.888888888888886,1.1111111111111112,5.111111111111111,4.333333333333333,2.888888888888889,82.77777777777777,0.1111111111111111,9.88888888888889,2.888888888888889,1.4444444444444444,12.544141356482164
716666.4285714285,3.4761904761904763,1.5238095238095237,127.95238095238095,51.61750633333333,-0.10839777142857143,5807.282503571429,0.8095238095238095,1.8095238095238095,0.0,106.52380952380952,39.42857142857143,254.9047619047619,18.857142857142858,40.714285714285715,18.952380952380953,904.2380952380952,1.4285714285714286,36.857142857142854,1.7619047619047619,5.714285714285714,5.571428571428571,2.1904761904761907,61.57142857142857,0.6666666666666666,10.428571428571429,1.7142857142857142,0.8571428571428571,12.330500381981075
1103845.7692307692,3.769230769230769,1.9230769230769231,166.46153846153845,51.63085633846154,-0.1257804076923077,6591.368651307692,0.6923076923076923,0.9230769230769231,0.0,36.23076923076923,12.076923076923077,95.38461538461539,10.846153846153847,14.384615384615385,8.076923076923077,886.3076923076923,0.9230769230769231,21.692307692307693,1.2307692307692308,1.5384615384615385,2.3846153846153846,1.5384615384615385,36.07692307692308,0.07692307692307693,9.461538461538462,4.076923076923077,1.1538461538461537,13.744777312623842
671250.0,3.25,1.75,101.0,51.58305105,-0.08487685,6760.26202225,0.375,2.5,0.0,213.75,59.625,259.125,25.5,37.625,23.625,1392.875,0.0,65.125,2.375,6.625,9.5,16.875,92.125,2.125,11.125,1.875,9.125,8.94630585650928
1014800.0,3.04,1.76,114.88,51.558124344,-0.0789376116,9024.940294,0.28,3.32,0.0,305.04,103.48,334.12,37.88,51.72,38.64,1177.88,0.72,67.08,4.92,17.88,7.76,17.68,142.64,2.64,14.64,11.76,1.04,6.6013639103320365
717647.0588235294,2.7058823529411766,1.5294117647058822,91.94117647058823,51.598067752941176,-0.0726167,7509.107146882353,0.5294117647058824,0.9411764705882353,0.0,131.88235294117646,35.23529411764706,171.64705882352942,16.470588235294116,20.11764705882353,21.705882352941178,1390.6470588235295,0.0,50.470588235294116,1.8823529411764706,4.529411764705882,7.0,9.0,78.76470588235294,1.1176470588235294,7.705882352941177,2.7058823529411766,1.9411764705882353,10.822850364086849
3000000.0,3.0,3.0,200.0,51.612149,-0.0635697,15000.0,0.0,1.0,0.0,169.0,50.0,214.0,13.0,30.0,32.0,3437.0,1.0,49.0,3.0,4.0,11.0,7.0,99.0,2.0,12.0,4.0,0.0,12.476502159422502
870485.0,2.7,1.7,110.2,51.56668603000001,-0.12888892000000002,7993.380044199999,0.7,4.4,0.0,226.5,64.1,322.9,24.5,55.0,27.8,1919.2,0.2,63.7,3.2,8.4,6.9,20.3,125.3,1.2,14.8,4.6,5.6,6.602192480672377
893571.4285714285,2.4285714285714284,1.7142857142857142,81.28571428571429,51.53467645714286,-0.12239408471428571,11549.255596714285,0.42857142857142855,64.57142857142857,0.0,1042.4285714285713,478.14285714285717,2222.4285714285716,139.71428571428572,193.71428571428572,209.28571428571428,1704.857142857143,0.2857142857142857,153.14285714285714,30.0,102.28571428571429,17.857142857142858,24.285714285714285,447.0,5.0,47.142857142857146,122.71428571428571,42.142857142857146,3.0607842892067376
4491249.96875,4.75,3.4375,327.65625,51.5842104390625,-0.16757598371875,11792.484098968751,0.875,0.53125,0.0,80.4375,25.625,138.3125,13.1875,33.90625,8.8125,488.6875,0.125,41.0,1.5,4.09375,3.09375,1.9375,52.28125,0.0625,9.25,5.21875,4.59375,8.990156662058041
2585000.0,4.363636363636363,3.272727272727273,280.6363636363636,51.62873632727272,-0.18873488818181816,8230.861572727272,0.6363636363636364,1.9090909090909092,0.0,39.45454545454545,15.909090909090908,107.45454545454545,10.454545454545455,16.363636363636363,8.909090909090908,103.36363636363636,0.36363636363636365,42.27272727272727,1.7272727272727273,2.090909090909091,1.2727272727272727,3.090909090909091,39.18181818181818,0.0,7.0,1.3636363636363635,1.2727272727272727,14.189612838682102
1104199.8,3.64,1.88,173.72,51.63466466,-0.098628124,6556.7617904399995,0.84,0.28,0.0,53.52,25.8,129.84,10.8,18.96,10.56,888.08,0.16,24.96,0.72,1.76,2.72,0.52,45.8,0.92,6.72,2.08,0.0,14.311553348133135
656176.1764705882,2.588235294117647,1.411764705882353,90.17647058823529,51.59724675294118,-0.10781304705882354,7333.668850411765,0.5294117647058824,1.7058823529411764,0.11764705882352941,185.2941176470588,69.82352941176471,237.1764705882353,22.0,35.8235294117647,11.117647058823529,1430.2941176470588,0.17647058823529413,55.705882352941174,3.411764705882353,6.470588235294118,14.0,5.529411764705882,90.94117647058823,0.17647058823529413,10.882352941176471,1.1764705882352942,3.9411764705882355,10.111988559666948
1725714.2857142857,4.571428571428571,2.619047619047619,205.95238095238096,51.59698661428572,-0.1958376571428571,8687.037438285715,0.6666666666666666,1.5714285714285714,0.0,105.71428571428571,43.61904761904762,285.95238095238096,23.285714285714285,43.857142857142854,26.857142857142858,162.1904761904762,0.0,48.904761904761905,1.7619047619047619,4.0476190476190474,1.8571428571428572,1.5714285714285714,77.52380952380952,0.0,9.904761904761905,2.2857142857142856,2.5714285714285716,11.046766404032093
671442.5925925926,2.2222222222222223,1.3333333333333333,79.33333333333333,51.56993501481481,-0.10863045322222221,8972.727031,0.37037037037037035,4.851851851851852,0.0,232.96296296296296,92.37037037037037,287.6296296296296,28.555555555555557,54.44444444444444,25.48148148148148,1607.5555555555557,0.48148148148148145,50.666666666666664,3.037037037037037,9.851851851851851,5.777777777777778,10.62962962962963,108.77777777777777,1.5185185185185186,14.814814814814815,3.0,5.0,7.107344011438131
781812.5,2.375,1.25,79.375,51.55472335,-0.09695722500000001,10026.361705875,0.75,3.375,0.0,196.25,42.625,230.0,28.75,37.75,14.625,1921.125,0.375,50.5,2.375,6.625,4.375,8.5,98.5,0.875,11.375,10.75,1.875,5.709402556364526
2255000.0,2.9655172413793105,1.7586206896551724,173.0344827586207,51.57467269482759,-0.14543277003448277,10583.763476862068,0.5862068965517241,1.0,0.0,113.82758620689656,30.275862068965516,170.86206896551724,19.482758620689655,34.241379310344826,10.96551724137931,1380.9310344827586,0.3448275862068966,49.758620689655174,7.413793103448276,4.413793103448276,1.896551724137931,3.7241379310344827,70.86206896551724,0.13793103448275862,8.89655172413793,16.275862068965516,4.931034482758621,7.607979015238937
826500.0,2.7,1.65,96.9,51.55365948,-0.11685272499999999,9128.979887450001,0.4,11.75,0.0,348.7,111.35,447.3,36.0,62.4,47.65,1811.85,0.0,66.1,2.35,20.05,7.3,18.55,166.45,1.95,19.95,16.6,7.35,5.22300078168705
614666.6666666666,2.1,1.3,75.76666666666667,51.58171628833334,-0.11715713863333334,8278.6952155,0.5666666666666667,2.4,0.03333333333333333,196.93333333333334,65.1,287.6333333333333,28.933333333333334,55.9,19.466666666666665,1469.0,0.23333333333333334,48.96666666666667,3.5,7.133333333333334,6.433333333333334,5.9,89.83333333333333,0.8333333333333334,13.0,3.2,1.5666666666666667,8.320022483854526
487497.5,3.0,1.0,77.0,51.630236350000004,-0.06277245000000001,6511.0642515,0.5,0.0,0.0,36.0,6.5,65.5,4.5,8.5,4.0,937.5,1.0,12.5,1.0,1.0,2.0,2.0,32.5,0.0,4.5,1.5,0.0,14.391194221940175
2450604.5454545454,2.6666666666666665,2.1515151515151514,148.78787878787878,51.53130104242424,-0.149430955,15137.109238666666,0.3333333333333333,49.45454545454545,0.12121212121212122,638.8787878787879,345.93939393939394,1276.5454545454545,69.03030303030303,250.63636363636363,105.60606060606061,1747.8484848484848,0.9696969696969697,101.21212121212122,23.90909090909091,50.63636363636363,14.06060606060606,12.424242424242424,258.030303030303,2.4545454545454546,20.545454545454547,97.60606060606061,29.0,3.2362052181067216
1083007.7586206896,3.7586206896551726,2.0172413793103448,154.8793103448276,51.541814277586205,-0.23712289215517243,7266.539881068965,0.8793103448275862,2.2413793103448274,0.0,140.81034482758622,40.86206896551724,183.1206896551724,17.103448275862068,28.655172413793103,16.120689655172413,440.32758620689657,0.29310344827586204,42.41379310344828,1.8793103448275863,5.672413793103448,3.4655172413793105,3.8793103448275863,72.86206896551724,0.9137931034482759,5.431034482758621,2.0172413793103448,2.2758620689655173,8.528441049964902
1519583.3333333333,4.375,2.375,183.875,51.57552416041667,-0.20001283437499998,8259.297279666667,0.9583333333333334,7.0,0.0,123.45833333333333,65.83333333333333,275.7916666666667,19.5,49.666666666666664,22.666666666666668,121.0,0.041666666666666664,56.291666666666664,3.375,3.5,4.5,2.0416666666666665,88.04166666666667,0.08333333333333333,10.625,10.708333333333334,4.166666666666667,9.105798807322245
1184283.3333333333,3.5952380952380953,2.119047619047619,156.5,51.55421280714286,-0.21655154745238098,7575.111671904761,0.6904761904761905,3.880952380952381,0.0,141.85714285714286,36.57142857142857,226.9047619047619,17.30952380952381,35.857142857142854,16.19047619047619,382.76190476190476,0.38095238095238093,46.333333333333336,3.357142857142857,4.214285714285714,4.5,3.4285714285714284,72.14285714285714,0.7857142857142857,8.095238095238095,3.6666666666666665,3.5476190476190474,8.109402637176318
2603359.375,3.5125,2.575,178.5,51.550106314375,-0.17203477285,12944.0398904,0.525,8.275,0.0,198.175,81.8125,327.4875,33.85,74.975,22.525,599.8625,0.3,55.1375,5.825,10.075,3.6,6.025,113.7625,1.25,15.95,38.7625,8.4875,5.675582903336453
1463330.0,4.4,2.1333333333333333,206.26666666666668,51.589546356666666,-0.221637056,7600.5875564,0.8,1.4666666666666666,0.0,78.0,37.46666666666667,164.66666666666666,14.866666666666667,25.466666666666665,11.533333333333333,220.8,0.0,35.333333333333336,1.7333333333333334,1.7333333333333334,2.2,1.2,65.46666666666667,0.13333333333333333,5.133333333333334,2.6,1.4,11.24389284579576
1294444.4444444445,3.3333333333333335,2.111111111111111,137.88888888888889,51.551091477777774,-0.13992714444444443,9732.331249777777,0.5555555555555556,7.0,0.0,452.0,171.22222222222223,630.8888888888889,52.0,90.88888888888889,63.55555555555556,1026.7777777777778,0.4444444444444444,102.55555555555556,4.111111111111111,28.555555555555557,11.0,24.77777777777778,178.11111111111111,2.5555555555555554,24.22222222222222,20.444444444444443,10.0,4.9450969399729905
1615757.627118644,3.440677966101695,2.406779661016949,159.89830508474577,51.539084072033894,-0.19836796762711864,9798.743322728813,0.559322033898305,4.813559322033898,0.0,193.25423728813558,63.25423728813559,320.22033898305085,35.96610169491525,56.355932203389834,23.033898305084747,706.0677966101695,0.01694915254237288,57.20338983050848,3.7796610169491527,9.220338983050848,5.016949152542373,9.169491525423728,106.71186440677967,3.3559322033898304,14.135593220338983,10.76271186440678,6.203389830508475,6.0853922440804435
1461470.5882352942,3.7058823529411766,2.7058823529411766,215.11764705882354,51.61624592352941,-0.23375051847058823,7404.895513764706,0.7058823529411765,0.11764705882352941,0.0,22.470588235294116,11.823529411764707,68.29411764705883,8.0,9.941176470588236,8.117647058823529,561.7647058823529,0.11764705882352941,22.647058823529413,1.4705882352941178,0.7647058823529411,1.2352941176470589,1.5294117647058822,28.705882352941178,0.23529411764705882,4.588235294117647,1.588235294117647,0.29411764705882354,14.187609849845778
1410018.0,2.32,1.76,104.96,51.532953318,-0.17330170339999998,12178.21715816,0.48,10.8,0.0,202.12,98.68,387.2,32.76,77.72,23.64,2648.96,0.36,62.04,7.72,10.56,5.32,9.36,118.6,1.24,11.56,38.56,9.32,4.273845229395479
797727.2727272727,3.090909090909091,2.3636363636363638,119.72727272727273,51.59442750454546,-0.2412145629090909,6690.147985545454,0.6363636363636364,0.36363636363636365,0.0,37.45454545454545,14.818181818181818,74.81818181818181,11.545454545454545,7.454545454545454,4.545454545454546,621.4545454545455,0.18181818181818182,26.09090909090909,2.272727272727273,1.5454545454545454,0.6363636363636364,3.6363636363636362,45.45454545454545,0.09090909090909091,5.454545454545454,1.0,1.0909090909090908,12.480195544094455
675000.0,5.0,1.0,210.0,51.5981299,0.1790595,3214.285714,1.0,0.0,0.0,17.0,5.0,43.0,3.0,4.0,4.0,1641.0,1.0,25.0,0.0,1.0,1.0,3.0,30.0,0.0,3.0,0.0,0.0,23.55633240423354
472000.0,3.0,1.0,95.8,51.542314139999995,0.158725383,4931.325497399999,0.6,0.6,0.0,45.0,10.0,68.2,6.8,10.0,10.0,50.4,0.2,21.6,0.0,0.8,2.2,3.4,34.2,0.0,3.2,0.0,0.4,20.289887273547595
1225000.0,5.2,3.0,262.2,51.57059136,0.21858192,4663.2334378,0.6,0.0,0.0,26.0,7.4,65.8,4.6,10.4,6.6,1635.8,0.0,15.4,1.6,1.4,0.6,0.6,31.0,0.4,1.6,0.6,0.0,25.040126429406357
450000.0,3.0,2.0,84.0,51.5459816,0.1888244,5357.142857,1.0,0.0,0.0,7.0,0.0,21.0,3.0,1.0,0.0,1646.0,0.0,10.0,0.0,0.0,1.0,0.0,25.0,0.0,0.0,0.0,0.0,22.38904060912728
725000.0,3.0,2.0,90.0,51.5223591,0.1905532,8055.555556,0.0,0.0,0.0,73.0,21.0,142.0,13.0,12.0,12.0,391.0,0.0,50.0,4.0,3.0,5.0,6.0,67.0,1.0,6.0,2.0,0.0,22.16197550390114
943750.0,4.0,2.0,156.75,51.558804075,0.254553075,6155.050295,0.75,0.0,0.0,54.75,25.75,78.0,6.25,15.0,4.0,1637.0,0.0,20.0,1.5,0.0,1.0,0.5,29.75,0.75,5.5,0.0,0.75,27.148876436950925
800000.0,4.0,2.0,139.0,51.5825486,0.2146581,5755.395683,0.0,0.0,0.0,40.0,8.0,78.0,8.0,18.0,10.0,1639.0,0.0,23.0,0.0,0.0,1.0,2.0,43.0,0.0,9.0,0.0,0.0,25.18534013561905
536666.6666666666,2.3333333333333335,1.6666666666666667,86.33333333333333,51.59517086666667,0.22716793333333332,6051.356051333333,0.3333333333333333,0.0,0.0,25.333333333333332,13.0,65.0,8.0,21.666666666666668,8.0,1217.6666666666667,0.3333333333333333,33.0,0.3333333333333333,0.6666666666666666,2.3333333333333335,2.0,39.666666666666664,0.3333333333333333,3.0,0.0,0.0,26.497357518301573
458333.3333333333,3.0,1.3333333333333333,105.66666666666667,51.59744366666666,0.16808963333333335,4450.8330553333335,1.0,0.3333333333333333,0.0,51.333333333333336,20.0,103.66666666666667,8.0,18.666666666666668,7.333333333333333,1646.0,0.0,32.333333333333336,0.6666666666666666,2.3333333333333335,2.6666666666666665,1.6666666666666667,46.666666666666664,0.0,2.0,0.0,0.0,22.841158904209735
447857.14285714284,2.4285714285714284,1.4285714285714286,198.42857142857142,51.577859342857145,0.1291402142857143,4114.227133114286,0.2857142857142857,0.2857142857142857,0.0,58.285714285714285,21.714285714285715,100.57142857142857,9.142857142857142,14.857142857142858,10.142857142857142,879.7142857142857,0.14285714285714285,24.142857142857142,1.0,0.42857142857142855,2.2857142857142856,1.4285714285714286,48.142857142857146,0.42857142857142855,3.2857142857142856,0.0,0.0,19.498712764513865
1287475.0,4.0,1.5,131.0,51.5709645,0.16455865,9278.5176645,0.5,2.5,0.5,89.5,55.0,170.5,12.5,19.5,18.5,964.0,0.5,31.5,3.0,6.0,5.5,3.5,58.0,0.5,8.5,0.0,0.0,21.481791199761382
354999.28571428574,2.5714285714285716,1.1428571428571428,69.71428571428571,51.553561814285715,0.12764264371428571,5090.028477,0.42857142857142855,0.2857142857142857,0.0,66.28571428571429,14.571428571428571,91.57142857142857,6.714285714285714,14.714285714285714,3.857142857142857,17.428571428571427,0.0,33.714285714285715,0.5714285714285714,1.8571428571428572,2.857142857142857,1.4285714285714286,52.0,0.14285714285714285,3.4285714285714284,0.5714285714285714,0.0,18.46022161619902
509375.0,2.375,1.5,80.5,51.5402711875,0.134622725,5872.540630625,0.5,0.75,0.0,51.375,12.375,71.625,7.25,15.125,3.75,109.875,0.625,28.125,0.5,1.625,2.75,3.0,48.125,0.125,2.5,0.25,0.625,18.591254776512464
1251722.2222222222,1.8518518518518519,1.6851851851851851,101.22222222222223,51.49982304074074,-0.09777963948148148,12831.772799907407,0.42592592592592593,24.98148148148148,0.0,586.9814814814815,133.8148148148148,1108.4074074074074,67.53703703703704,91.85185185185185,98.57407407407408,2895.240740740741,0.07407407407407407,122.0,32.24074074074074,45.48148148148148,10.777777777777779,24.962962962962962,282.0740740740741,2.259259259259259,33.629629629629626,60.925925925925924,25.814814814814813,2.3506859295880735
700849.0566037736,2.30188679245283,1.7735849056603774,90.71698113207547,51.48629789245283,0.0015091584905660375,7922.253310849056,0.4339622641509434,4.528301886792453,0.0,150.81132075471697,47.320754716981135,178.54716981132074,22.49056603773585,23.79245283018868,15.622641509433961,1019.8679245283018,0.6037735849056604,39.83018867924528,10.641509433962264,6.6415094339622645,3.6037735849056602,8.339622641509434,77.37735849056604,0.7924528301886793,9.11320754716981,7.245283018867925,0.5849056603773585,9.325723388763532
1106000.0,2.6,1.9,99.7,51.49033462999999,-0.1095260997,11216.0177375,0.5,13.2,0.0,351.1,79.2,601.1,52.8,70.6,50.6,2623.0,0.6,102.0,15.4,26.5,7.4,29.3,216.8,1.1,25.4,24.8,12.2,2.3467408610825866
663333.3333333334,4.222222222222222,1.6666666666666667,136.44444444444446,51.44283973333333,0.0199173,5336.969857777778,0.6666666666666666,0.2222222222222222,0.0,40.111111111111114,11.444444444444445,78.55555555555556,10.88888888888889,18.77777777777778,5.888888888888889,2070.0,0.0,36.77777777777778,1.2222222222222223,0.8888888888888888,1.3333333333333333,3.7777777777777777,52.888888888888886,0.5555555555555556,6.222222222222222,0.7777777777777778,0.0,12.540224157782651
697930.0,2.8666666666666667,1.5333333333333334,108.13333333333334,51.45976866666667,-0.010514098133333333,6574.327524066667,0.4666666666666667,3.533333333333333,0.0,183.0,78.8,242.8,19.066666666666666,38.266666666666666,18.133333333333333,2349.4666666666667,0.2,62.6,5.8,6.333333333333333,6.866666666666666,4.6,101.4,1.2,9.4,5.933333333333334,0.0,9.724875618131936
900000.0,3.2222222222222223,1.5555555555555556,119.22222222222223,51.4748361,-0.03848357777777778,7404.60245488889,0.8888888888888888,5.888888888888889,0.0,198.77777777777777,34.55555555555556,224.77777777777777,24.555555555555557,21.666666666666668,21.77777777777778,2451.8888888888887,0.4444444444444444,50.44444444444444,4.111111111111111,6.777777777777778,3.7777777777777777,10.777777777777779,95.77777777777777,3.888888888888889,5.888888888888889,7.444444444444445,1.3333333333333333,7.192331950880217
993333.3333333334,3.380952380952381,1.7142857142857142,127.52380952380952,51.47129461666667,-0.06504953523809524,7751.978842619047,0.8571428571428571,2.238095238095238,0.0,151.1904761904762,56.80952380952381,192.8095238095238,18.571428571428573,26.238095238095237,21.333333333333332,2961.9523809523807,0.3333333333333333,46.857142857142854,2.857142857142857,6.523809523809524,5.761904761904762,13.666666666666666,95.14285714285714,0.9523809523809523,10.523809523809524,5.428571428571429,0.0,5.944093983668634
950000.0,3.1176470588235294,1.7647058823529411,128.11764705882354,51.49979452941176,-0.04991196688235294,7981.364023529412,0.47058823529411764,1.1764705882352942,0.0,95.58823529411765,25.764705882352942,157.23529411764707,17.88235294117647,19.529411764705884,20.11764705882353,2992.176470588235,0.7058823529411765,45.23529411764706,4.117647058823529,5.705882352941177,3.5294117647058822,14.117647058823529,69.70588235294117,1.588235294117647,10.529411764705882,13.529411764705882,2.9411764705882355,5.520838258515032
816944.4444444445,2.5555555555555554,1.6111111111111112,88.83333333333333,51.48923890555555,-0.09320613355555556,9536.614522388889,0.4444444444444444,9.833333333333334,0.0,249.77777777777777,94.33333333333333,332.3333333333333,32.388888888888886,43.888888888888886,25.333333333333332,2885.8333333333335,0.0,71.88888888888889,3.0555555555555554,10.722222222222221,9.166666666666666,30.944444444444443,132.38888888888889,0.5555555555555556,19.38888888888889,11.555555555555555,2.5555555555555554,3.1545081292235144
654466.6666666666,2.933333333333333,1.9333333333333333,116.73333333333333,51.485756020000004,0.07058786313333335,6081.319487,0.4,1.5333333333333334,0.0,102.73333333333333,36.8,167.73333333333332,18.666666666666668,24.8,14.133333333333333,1012.0,0.0,46.46666666666667,4.4,6.0,5.4,5.133333333333334,70.46666666666667,1.2,5.866666666666666,2.3333333333333335,0.0,14.028009402209767
593750.0,2.25,1.5,86.0,51.4226794375,-0.08562444075,6892.536475749999,0.75,1.25,0.0,137.25,35.5,173.5,19.0,28.75,19.25,1151.5,0.5,65.0,3.25,4.25,3.5,9.5,89.25,1.25,8.25,7.25,0.0,9.903671511632414
488333.3333333333,3.0,1.0,323.0,51.48522153333332,0.11516433333333333,3768.6965813,1.0,1.3333333333333333,0.0,66.33333333333333,12.666666666666666,109.33333333333333,10.666666666666666,17.333333333333332,9.0,775.6666666666666,0.0,60.0,1.6666666666666667,1.6666666666666667,2.6666666666666665,2.3333333333333335,52.0,2.0,4.666666666666667,0.0,0.0,17.054338864307965
1287500.0,4.5,2.0,225.0,51.4102713,-0.058437550000000005,5708.55615,1.0,1.0,0.0,193.0,55.0,310.5,22.0,38.5,40.0,472.5,0.0,73.5,2.5,3.5,7.0,4.0,127.0,2.5,8.5,3.0,0.0,11.833713984747783
2078750.0,4.5,2.0,193.5,51.4435446125,-0.08226386249999999,10485.396674375,0.875,1.125,0.0,40.5,14.875,73.5,9.5,14.5,4.375,2854.625,0.625,32.75,1.875,2.125,1.25,3.0,48.0,0.875,10.25,4.5,0.0,7.800092240131844
1143125.0,3.375,1.625,130.25,51.4524986375,-0.0708835125,8598.422589875001,0.75,1.875,0.0,107.25,42.125,159.75,18.625,37.25,14.125,2907.875,0.25,58.625,1.875,6.375,1.625,4.125,70.875,0.625,9.5,4.125,0.0,7.281169079073773
931250.0,3.5833333333333335,1.9166666666666667,141.41666666666666,51.44048185,-0.04861284166666666,6882.463917166667,0.6666666666666666,0.5,0.0,122.16666666666667,27.25,199.25,18.583333333333332,25.666666666666668,21.583333333333332,2302.5,0.3333333333333333,49.5,1.1666666666666667,3.4166666666666665,3.1666666666666665,2.9166666666666665,83.25,2.25,8.416666666666666,4.25,0.16666666666666666,9.268876750251254
1920000.0,5.4,2.6,204.0,51.45132192,-0.0953859,9119.078097200001,1.0,0.6,0.0,88.6,32.6,123.0,17.2,33.6,8.4,2181.6,0.0,49.0,3.2,3.2,1.0,3.2,60.0,1.8,8.0,5.6,0.0,6.6540154081833816
1637222.2222222222,3.6666666666666665,1.8888888888888888,175.77777777777777,51.39725864444445,-0.07366154444444445,7758.390134111111,0.7777777777777778,0.7777777777777778,0.0,94.44444444444444,21.0,134.77777777777777,10.666666666666666,15.333333333333334,9.88888888888889,1182.7777777777778,0.0,31.0,2.111111111111111,2.111111111111111,2.4444444444444446,2.7777777777777777,66.55555555555556,0.7777777777777778,6.888888888888889,2.7777777777777777,0.0,12.831596415101112
956250.0,3.375,1.625,139.875,51.4268671625,-0.054647125,6572.7929112500005,0.75,0.25,0.0,99.25,24.25,137.625,14.875,19.375,16.375,2204.0,0.125,39.25,3.25,3.25,4.875,4.75,62.625,1.375,9.125,2.125,0.0,10.307372452951478
900000.0,3.0,2.0,134.0,51.4399271,-0.1048466,6716.41791,1.0,1.0,0.0,138.0,40.0,226.0,25.0,47.0,36.0,2390.0,0.0,65.0,3.0,5.0,4.0,14.0,106.0,2.0,6.0,5.0,0.0,7.674392488939356
483000.0,3.0,1.8,98.6,51.50570206,0.1126073,5208.5455432,0.4,0.0,0.0,24.8,11.0,48.4,10.4,10.4,4.4,513.8,1.2,42.6,0.8,1.8,3.2,5.8,44.0,1.6,6.6,0.4,0.0,16.69701918070246
656384.6153846154,2.4615384615384617,1.6153846153846154,87.84615384615384,51.461414684615384,0.02567180823076923,7477.403018769231,0.3076923076923077,0.46153846153846156,0.0,27.307692307692307,8.538461538461538,46.15384615384615,8.76923076923077,12.23076923076923,3.3076923076923075,1090.3076923076924,0.38461538461538464,31.846153846153847,1.5384615384615385,1.9230769230769231,0.6153846153846154,4.0,36.15384615384615,0.9230769230769231,9.0,2.0,0.0,11.831127331208618
817777.7777777778,3.5555555555555554,1.3333333333333333,113.44444444444444,51.46225593333333,-0.0314598,7377.97173,0.8888888888888888,3.0,0.0,162.0,36.55555555555556,209.66666666666666,18.88888888888889,23.555555555555557,15.666666666666666,2454.4444444444443,0.4444444444444444,56.77777777777778,4.555555555555555,6.111111111111111,4.555555555555555,4.0,81.55555555555556,3.0,5.222222222222222,4.0,0.5555555555555556,8.393720116327083
1386111.111111111,4.111111111111111,2.0555555555555554,171.83333333333334,51.47090897777778,-0.08526893333333334,8082.231995444444,1.0,4.722222222222222,0.0,171.0,41.55555555555556,193.83333333333334,22.0,46.166666666666664,18.88888888888889,2951.0555555555557,0.0,43.55555555555556,5.444444444444445,6.944444444444445,3.888888888888889,12.777777777777779,98.33333333333333,1.0,13.277777777777779,6.166666666666667,0.05555555555555555,5.03178828614889
597719.4444444445,2.9444444444444446,1.1666666666666667,94.77777777777777,51.443229755555556,-0.016941572222222222,6372.672929222222,0.5,0.5555555555555556,0.0,92.38888888888889,19.72222222222222,129.94444444444446,13.722222222222221,24.5,7.0,2467.1111111111113,0.0,44.0,1.6111111111111112,3.388888888888889,3.2777777777777777,3.111111111111111,75.38888888888889,1.1666666666666667,6.777777777777778,0.2222222222222222,0.0,10.527565301506279
500000.0,2.3333333333333335,1.3333333333333333,76.0,51.48370176666666,0.0294857,6592.019092,0.3333333333333333,0.0,0.0,68.0,44.666666666666664,110.0,10.666666666666666,16.666666666666668,20.333333333333332,1047.3333333333333,0.0,36.666666666666664,2.0,3.6666666666666665,2.3333333333333335,7.333333333333333,59.0,0.6666666666666666,7.0,0.6666666666666666,0.0,11.240553604073257
628250.0,2.3,1.7,94.55,51.481503329999995,-0.0237742412,6849.49795165,0.25,3.9,0.2,186.8,61.7,216.55,26.95,28.25,16.9,1670.75,0.1,42.15,12.15,9.8,4.8,15.05,99.1,1.25,12.45,8.0,0.35,7.7995969840036965
695277.2222222222,3.1666666666666665,1.7222222222222223,123.44444444444444,51.446993569444444,0.05567434244444444,5687.437085555556,0.6111111111111112,0.3333333333333333,0.0,60.44444444444444,26.833333333333332,110.33333333333333,14.555555555555555,15.0,8.833333333333334,1041.9444444444443,0.3888888888888889,47.666666666666664,1.2222222222222223,5.277777777777778,2.9444444444444446,2.7222222222222223,62.166666666666664,0.3888888888888889,6.722222222222222,0.7777777777777778,0.0,14.437178926924226
486500.0,2.6363636363636362,1.5454545454545454,86.18181818181819,51.365489940909086,-0.1928529687272727,5739.108348363636,0.6818181818181818,1.2272727272727273,0.0,94.36363636363636,50.54545454545455,190.27272727272728,14.454545454545455,30.818181818181817,20.363636363636363,3028.181818181818,0.0,40.68181818181818,1.4090909090909092,3.272727272727273,3.1818181818181817,4.318181818181818,90.13636363636364,0.7727272727272727,7.681818181818182,2.0454545454545454,0.0,16.434639215430533
650625.0,2.875,1.5,121.375,51.3538432,-0.191342383375,5517.3242632500005,0.625,0.875,0.0,50.625,19.875,120.5,10.625,24.75,13.5,3067.25,0.0,27.375,1.0,1.75,2.25,2.0,68.25,1.125,4.375,2.25,0.0,17.656952136770617
571000.0,3.0,1.0,108.8,51.37581253999999,-0.21110124,5269.7514664,0.6,0.6,0.0,50.2,16.0,127.4,9.6,19.4,10.4,3077.4,0.0,25.4,1.6,1.0,2.4,1.0,48.6,0.2,6.8,0.6,0.0,15.748390648282419
626499.9,3.0,1.4,96.5,51.39226746000001,-0.20705536000000002,6648.094742900001,0.6,0.1,0.0,53.5,18.2,115.1,11.5,17.0,8.0,2381.3,0.6,33.9,1.2,1.7,2.8,2.0,49.0,0.2,3.9,0.1,1.0,13.970146217042705
860380.7692307692,3.6923076923076925,1.7692307692307692,180.69230769230768,51.36331853461539,-0.16418088453846155,5024.374985230769,0.6923076923076923,0.0,0.0,65.61538461538461,21.692307692307693,131.53846153846155,13.384615384615385,25.23076923076923,13.615384615384615,3063.230769230769,0.07692307692307693,34.69230769230769,4.923076923076923,3.1538461538461537,2.0,1.8461538461538463,65.0,1.1538461538461537,5.923076923076923,1.8461538461538463,0.0,16.23197272886983
483333.3333333333,2.3333333333333335,1.3333333333333333,86.73333333333333,51.361541210000006,-0.14922102186666666,5575.9277788,0.6,0.06666666666666667,0.0,86.33333333333333,31.466666666666665,182.8,13.733333333333333,37.733333333333334,18.533333333333335,3062.4,0.4666666666666667,46.13333333333333,5.4,2.466666666666667,2.8,1.1333333333333333,84.93333333333334,1.2,6.333333333333333,1.7333333333333334,0.0,16.302811089923985
1100000.0,4.0,3.0,186.0,51.3334637,-0.2182379,5913.978495,1.0,0.0,0.0,3.0,3.0,11.0,0.0,3.0,1.0,3050.0,0.0,5.0,1.0,1.0,0.0,0.0,11.0,1.0,2.0,0.0,0.0,20.348398188966467
3768030.303030303,3.1818181818181817,2.757575757575758,187.0,51.47992159242424,-0.18139602945454544,16863.33177609091,0.45454545454545453,10.909090909090908,0.6060606060606061,172.1818181818182,119.75757575757575,349.93939393939394,23.96969696969697,55.54545454545455,45.18181818181818,2014.3636363636363,0.0,41.90909090909091,8.303030303030303,14.454545454545455,1.9393939393939394,6.03030303030303,88.24242424242425,0.48484848484848486,10.575757575757576,23.181818181818183,1.8484848484848484,4.853352826437396
1724000.0,3.25,2.2,154.55,51.4690295475,-0.1613903943,11296.95101285,0.5,2.1,0.4,185.35,74.9,281.55,24.5,47.1,25.45,3475.3,0.4,43.85,3.4,8.95,2.75,8.4,91.9,0.8,10.85,10.15,0.25,4.893957247515484
986250.0,3.5,1.75,141.25,51.445580625000005,-0.139811075,7623.073216,0.75,2.5,0.0,103.0,29.75,142.0,16.5,27.5,10.25,1892.25,0.5,32.75,2.25,4.5,2.25,5.25,63.75,0.25,12.25,2.25,2.75,6.932315921761192
1483055.5555555555,3.0,2.3333333333333335,146.38888888888889,51.476446100000004,-0.2384403761111111,10014.406632222222,0.7222222222222222,0.05555555555555555,0.0,43.44444444444444,21.27777777777778,84.44444444444444,9.555555555555555,13.11111111111111,7.777777777777778,2652.722222222222,0.5,24.055555555555557,2.6666666666666665,2.111111111111111,0.3888888888888889,2.9444444444444446,42.27777777777778,0.5555555555555556,9.777777777777779,3.888888888888889,0.0,8.451735897490494
1613172.7272727273,4.090909090909091,2.3636363636363638,173.54545454545453,51.46490186363637,-0.26559140745454546,9317.549174,0.8181818181818182,0.5454545454545454,0.0,97.18181818181819,60.09090909090909,197.45454545454547,18.636363636363637,36.81818181818182,23.09090909090909,2853.3636363636365,0.0,31.181818181818183,2.5454545454545454,3.0,0.9090909090909091,5.090909090909091,76.72727272727273,0.9090909090909091,9.818181818181818,5.545454545454546,0.0,10.67868318012624
2211576.3157894737,4.368421052631579,2.736842105263158,230.94736842105263,51.46314598421052,-0.2230140497368421,9890.964775578948,0.7368421052631579,1.8421052631578947,0.0,138.1578947368421,60.8421052631579,282.4736842105263,20.789473684210527,45.63157894736842,19.31578947368421,3463.8947368421054,0.10526315789473684,43.26315789473684,6.578947368421052,8.31578947368421,2.1578947368421053,4.052631578947368,86.52631578947368,0.5789473684210527,14.736842105263158,9.947368421052632,0.6842105263157895,8.257576063368075
990434.7826086957,4.434782608695652,2.608695652173913,179.56521739130434,51.41696288260869,-0.12250516086956523,5482.4610339565215,0.782608695652174,0.6956521739130435,0.0,97.52173913043478,28.434782608695652,142.52173913043478,11.521739130434783,23.217391304347824,8.782608695652174,1507.0869565217392,0.043478260869565216,32.56521739130435,1.0,1.7826086956521738,3.260869565217391,2.347826086956522,58.34782608695652,0.4782608695652174,7.304347826086956,0.9565217391304348,0.0,10.084858689561136
1500000.0,4.0,2.0,213.0,51.4357023,-0.159742,7042.253521,1.0,8.0,0.0,819.0,236.0,987.0,67.0,161.0,71.0,3472.0,0.0,155.0,13.0,27.0,30.0,10.0,323.0,2.0,42.0,11.0,19.0,8.27990077100561
1624130.4347826086,3.8260869565217392,2.1739130434782608,162.0,51.45355722173913,-0.18508122204347827,9893.002866869565,0.5652173913043478,1.7391304347826086,0.391304347826087,100.52173913043478,46.47826086956522,203.2608695652174,18.434782608695652,29.782608695652176,22.0,3401.913043478261,0.0,37.608695652173914,2.4347826086956523,4.3478260869565215,1.8695652173913044,9.304347826086957,80.21739130434783,0.6521739130434783,13.26086956521739,3.4347826086956523,0.5652173913043478,7.226209951534477
1171276.5957446808,3.297872340425532,1.8085106382978724,134.6595744680851,51.42354584468085,-0.1999413893617021,8463.769128978724,0.7021276595744681,4.148936170212766,0.0,142.2340425531915,70.93617021276596,273.6170212765957,23.170212765957448,42.659574468085104,25.361702127659573,2665.063829787234,0.0851063829787234,43.53191489361702,3.404255319148936,8.425531914893616,4.851063829787234,2.9148936170212765,91.65957446808511,0.5319148936170213,12.595744680851064,3.6808510638297873,2.8297872340425534,10.66248667971913
695000.0,1.0,1.0,52.0,51.4963538,-0.1418906,13365.38462,0.0,107.0,0.0,1113.0,634.0,2192.0,106.0,200.0,153.0,3731.0,1.0,213.0,91.0,83.0,21.0,8.0,528.0,3.0,42.0,182.0,66.0,1.570887050977427
675000.0,1.0,1.0,50.0,51.4990354,-0.136313283,13500.0,0.0,27.0,0.0,411.0,128.0,777.0,34.0,49.0,58.0,3664.0,2.0,88.0,59.0,36.0,8.0,3.0,277.0,2.0,14.0,88.0,26.0,1.1024958087724963
1279264.6764705882,1.8823529411764706,1.5,81.41176470588235,51.49201105441176,-0.12724596452941178,15136.166907441177,0.20588235294117646,26.676470588235293,0.0,398.1764705882353,137.88235294117646,686.8235294117648,40.794117647058826,82.52941176470588,54.76470588235294,3070.323529411765,1.0588235294117647,99.82352941176471,29.764705882352942,31.941176470588236,8.676470588235293,13.764705882352942,236.88235294117646,1.3823529411764706,20.529411764705884,47.294117647058826,19.029411764705884,1.740901811545409
1221277.7777777778,2.0,1.8888888888888888,94.22222222222223,51.48995841944444,-0.13757602838888888,12081.017999666667,0.3888888888888889,59.94444444444444,0.0,471.6111111111111,171.38888888888889,819.3888888888889,49.44444444444444,103.44444444444444,55.5,3623.0,0.7777777777777778,105.61111111111111,16.666666666666668,34.77777777777778,10.61111111111111,11.88888888888889,218.0,1.7222222222222223,27.444444444444443,44.333333333333336,22.5,2.0776968852764814
2162083.3333333335,2.5,1.6666666666666667,121.91666666666667,51.488891466666665,-0.14942497425,15358.254725916668,0.3333333333333333,21.5,0.0,158.08333333333334,132.5,272.0,25.833333333333332,38.333333333333336,22.333333333333332,3283.5,0.0,57.0,11.0,11.833333333333334,2.3333333333333335,6.333333333333333,90.66666666666667,0.25,11.25,25.5,5.5,2.5715404804103095
8693809.523809524,3.857142857142857,3.761904761904762,261.57142857142856,51.498329980952384,-0.1572899021904762,30733.26243904762,0.42857142857142855,32.142857142857146,0.0,347.2857142857143,436.04761904761904,618.6666666666666,29.666666666666668,87.38095238095238,43.19047619047619,2421.5714285714284,0.0,67.14285714285714,22.19047619047619,18.666666666666668,6.476190476190476,2.619047619047619,175.85714285714286,0.19047619047619047,12.285714285714286,69.76190476190476,17.285714285714285,2.303844989205285
4231666.666666667,3.6666666666666665,2.3333333333333335,282.6666666666667,51.506506116666664,-0.13186485166666667,16175.701278,0.3333333333333333,52.666666666666664,0.0,1383.0,854.6666666666666,2371.6666666666665,91.0,143.0,178.0,2530.0,1.6666666666666667,130.33333333333334,143.0,182.66666666666666,20.333333333333332,2.3333333333333335,469.3333333333333,2.3333333333333335,27.333333333333332,235.33333333333334,63.0,0.3135241899369124
1409583.3333333333,4.166666666666667,2.3333333333333335,190.0,51.449227083333334,-0.11487894166666666,7546.2036548333335,0.9166666666666666,1.4166666666666667,0.0,238.16666666666666,69.83333333333333,300.0833333333333,27.666666666666668,48.75,25.916666666666668,2366.3333333333335,0.5,66.83333333333333,3.6666666666666665,12.166666666666666,5.833333333333333,16.0,118.75,1.5833333333333333,8.5,5.416666666666667,0.6666666666666666,6.547328001527256
1067475.0,2.95,1.8,113.05,51.41224344,-0.227179805,9421.2034019,0.6,1.0,0.0,50.55,18.7,118.65,16.65,30.0,12.2,2600.05,0.1,34.8,2.9,1.9,1.25,0.75,61.1,1.1,14.15,1.95,0.05,12.657485088509272
5155306.12244898,3.9591836734693877,3.061224489795918,235.6122448979592,51.48700191938776,-0.1673777905102041,21514.08064693878,0.5714285714285714,8.571428571428571,0.0,201.18367346938774,214.48979591836735,333.40816326530614,20.877551020408163,63.59183673469388,24.367346938775512,2185.816326530612,0.14285714285714285,45.04081632653061,14.183673469387756,8.53061224489796,1.6326530612244898,3.3469387755102042,101.06122448979592,0.02040816326530612,10.959183673469388,61.16326530612245,2.836734693877551,3.5819566404095813
1590380.7692307692,3.6923076923076925,2.3846153846153846,160.46153846153845,51.45999705384615,-0.1389308846153846,9575.920922538462,0.3076923076923077,6.230769230769231,0.0,305.61538461538464,74.0,405.46153846153845,32.76923076923077,64.38461538461539,36.07692307692308,2411.923076923077,0.8461538461538461,73.92307692307692,6.461538461538462,15.615384615384615,7.384615384615385,14.384615384615385,139.53846153846155,0.7692307692307693,19.153846153846153,12.384615384615385,8.0,5.361154050729259
3165833.3333333335,2.8333333333333335,2.3333333333333335,159.83333333333334,51.49062751666667,-0.18970510699999998,19819.533265000002,0.8333333333333334,79.16666666666667,0.0,267.0,67.0,423.6666666666667,31.666666666666668,88.0,21.666666666666668,2131.5,0.0,56.333333333333336,5.833333333333333,10.666666666666666,8.333333333333334,2.6666666666666665,127.0,1.0,12.833333333333334,32.0,8.666666666666666,4.687972107457685
1864939.2857142857,3.4761904761904763,2.5952380952380953,161.47619047619048,51.4750215077381,-0.19769402670238095,11291.253557214286,0.5833333333333334,3.6547619047619047,0.0,155.41666666666666,93.08333333333333,381.5238095238095,28.19047619047619,49.476190476190474,39.05952380952381,1339.9880952380952,0.09523809523809523,40.20238095238095,5.083333333333333,11.654761904761905,2.261904761904762,6.535714285714286,84.22619047619048,0.5119047619047619,14.952380952380953,2.7738095238095237,2.5714285714285716,6.085462372913038
4782685.166666667,3.6296296296296298,3.1296296296296298,215.4814814814815,51.49589092592593,-0.17460398024074075,21926.850442037037,0.6481481481481481,61.25925925925926,0.0,428.1666666666667,311.0740740740741,677.2592592592592,39.2962962962963,103.96296296296296,41.77777777777778,2350.037037037037,0.0,83.61111111111111,23.703703703703702,16.296296296296298,10.61111111111111,1.4074074074074074,177.1851851851852,0.42592592592592593,15.851851851851851,68.74074074074075,20.333333333333332,3.5034505835775787
2363148.936170213,2.8085106382978724,2.404255319148936,144.12765957446808,51.48129761489361,-0.13151687778723403,16240.748782574468,0.425531914893617,6.8936170212765955,0.0,257.3191489361702,63.46808510638298,320.6170212765957,23.70212765957447,41.40425531914894,45.276595744680854,2823.425531914894,0.40425531914893614,71.14893617021276,6.340425531914893,16.80851063829787,5.574468085106383,15.659574468085106,120.65957446808511,1.5319148936170213,24.127659574468087,8.957446808510639,12.063829787234043,2.969349041891179
1210000.0,4.428571428571429,2.0,169.0,51.469384371428575,-0.11336210000000001,7388.798257142857,0.8571428571428571,3.2857142857142856,0.0,322.7142857142857,80.28571428571429,375.85714285714283,33.285714285714285,58.0,31.142857142857142,2366.5714285714284,0.0,74.85714285714286,6.428571428571429,20.571428571428573,7.428571428571429,18.714285714285715,143.42857142857142,1.0,17.142857142857142,8.285714285714286,4.428571428571429,4.3868831198060105
570000.0,3.0,1.0,90.0,51.3346613,0.0748339,6333.333333,1.0,0.0,0.0,0.0,0.0,2.0,0.0,0.0,0.0,919.0,0.0,6.0,0.0,0.0,0.0,0.0,5.0,0.0,0.0,0.0,0.0,23.83314319081145
1895000.0,5.0,3.0,207.0,51.3051501,0.0217986,9154.589372,1.0,0.0,0.0,4.0,0.0,21.0,2.0,2.0,1.0,3455.0,0.0,14.0,0.0,0.0,0.0,0.0,8.0,0.0,0.0,0.0,0.0,24.79265090832311
1577000.0,3.8,2.8,172.0,51.45673648,-0.31857286,9126.4792124,0.6,1.0,0.0,142.0,70.2,251.8,21.6,52.0,18.0,2849.8,0.0,38.6,7.2,6.6,2.4,3.0,95.8,1.4,9.6,2.8,0.2,14.40363459961516
1454540.9090909092,3.4545454545454546,2.272727272727273,151.0,51.450092104545455,-0.29816623999999997,9719.333477545455,0.6363636363636364,2.272727272727273,0.0,61.0,41.90909090909091,113.18181818181819,11.272727272727273,22.727272727272727,11.818181818181818,2656.0,0.09090909090909091,26.727272727272727,4.545454545454546,2.5454545454545454,0.5454545454545454,3.1818181818181817,58.45454545454545,0.09090909090909091,3.909090909090909,2.727272727272727,0.0,13.464991486659285
1036785.7142857143,3.4285714285714284,1.8571428571428572,111.42857142857143,51.42934095,-0.327787529,8799.462223714287,0.5714285714285714,1.2857142857142858,0.0,75.42857142857143,38.857142857142854,179.57142857142858,12.285714285714286,32.714285714285715,21.857142857142858,2200.0,0.0,29.142857142857142,2.5714285714285716,5.285714285714286,1.5714285714285714,2.857142857142857,66.57142857142857,0.42857142857142855,11.428571428571429,9.142857142857142,0.0,16.391135346486017
1035000.0,3.25,1.75,136.75,51.427371449999995,-0.3655894,7188.239107,0.5,0.25,0.0,27.25,11.75,74.75,8.0,18.0,7.5,2856.25,0.0,30.5,1.5,2.25,0.75,1.25,32.25,0.5,3.75,0.5,0.0,18.77771147142998
565555.5555555555,3.6666666666666665,2.0,108.33333333333333,51.442423938888886,-0.41072688455555556,5497.897264555556,0.6666666666666666,2.111111111111111,0.0,66.22222222222223,24.0,108.77777777777777,13.222222222222221,16.11111111111111,11.555555555555555,1806.2222222222222,0.3333333333333333,32.44444444444444,3.111111111111111,1.6666666666666667,3.5555555555555554,3.4444444444444446,58.666666666666664,0.3333333333333333,6.777777777777778,0.0,0.0,20.94658089011963
1318333.3333333333,3.3333333333333335,1.6666666666666667,112.33333333333333,51.45444833333334,-0.4239759,9956.169448999999,0.6666666666666666,0.0,0.0,13.666666666666666,5.0,36.666666666666664,1.3333333333333333,3.6666666666666665,5.0,1929.6666666666667,0.3333333333333333,24.333333333333332,4.333333333333333,1.0,1.0,1.6666666666666667,31.0,0.0,1.6666666666666667,0.0,0.6666666666666666,21.412154043264334
1156237.5,3.75,2.25,153.75,51.448900249999994,-0.3464105,7824.673042750001,0.75,2.25,0.0,103.0,34.25,165.0,18.25,31.25,24.0,2866.0,0.0,36.0,3.0,4.5,2.25,4.0,65.75,0.75,10.0,3.0,0.0,16.529393470941706
1016985.0,4.2,2.1,160.25,51.469350899999995,-0.365194565,6221.582160100001,0.7,3.7,0.0,99.15,40.65,171.35,16.1,24.15,13.7,1851.75,0.0,40.05,3.95,3.9,4.75,3.2,67.0,0.2,4.55,0.05,1.65,17.03757842231851
748620.0,4.0,1.8666666666666667,128.0,51.46579851333333,-0.39030877999999997,5917.233219666667,0.8,0.8666666666666667,0.0,29.866666666666667,14.6,66.8,9.666666666666666,7.0,6.133333333333334,1841.5333333333333,0.4,26.466666666666665,1.6666666666666667,0.4,1.8,5.0,42.06666666666667,0.0,2.4,0.4,0.26666666666666666,18.837480898027618
649254.5454545454,4.2727272727272725,2.1363636363636362,142.86363636363637,51.482867640909085,-0.37925159999999997,4893.4500825000005,0.9090909090909091,1.4090909090909092,0.0,39.59090909090909,9.818181818181818,77.81818181818181,10.636363636363637,13.045454545454545,6.545454545454546,1781.7727272727273,0.0,27.136363636363637,1.3181818181818181,1.3181818181818181,2.409090909090909,2.727272727272727,42.04545454545455,0.0,2.227272727272727,0.0,0.6363636363636364,17.679450144829705
888002.2727272727,3.4545454545454546,2.409090909090909,140.22727272727272,51.47308580000001,-0.33202065,6502.5351815,0.7727272727272727,1.3636363636363635,0.0,71.36363636363636,24.545454545454547,123.0,14.681818181818182,24.90909090909091,20.545454545454547,1759.2272727272727,0.0,50.5,3.0454545454545454,3.409090909090909,2.6818181818181817,3.909090909090909,91.5,0.8181818181818182,7.636363636363637,1.9090909090909092,1.0,14.71710787937729
765500.0,2.5517241379310347,1.9310344827586208,105.37931034482759,51.4876211275862,-0.30028766941379315,7243.2841884827585,0.5517241379310345,3.6551724137931036,0.0,92.6896551724138,29.586206896551722,195.24137931034483,16.586206896551722,18.724137931034484,28.482758620689655,1776.8275862068965,0.3448275862068966,52.62068965517241,6.620689655172414,3.1379310344827585,3.7241379310344827,7.586206896551724,90.6896551724138,1.3448275862068966,9.89655172413793,5.862068965517241,0.5862068965517241,12.183094369232911
1262215.2173913044,3.130434782608696,2.0434782608695654,131.69565217391303,51.46963644782608,-0.2929619695652174,9436.793215478261,0.7391304347826086,3.608695652173913,0.0,139.7391304347826,78.43478260869566,281.2173913043478,20.73913043478261,46.65217391304348,23.08695652173913,2810.521739130435,0.2608695652173913,45.56521739130435,8.26086956521739,9.391304347826088,2.260869565217391,1.7391304347826086,110.3913043478261,2.0,11.652173913043478,4.913043478260869,2.1739130434782608,12.236703902995435
668990.0,4.8,2.0,133.4,51.515477139999994,-0.37401994,5313.2825442,0.6,1.8,0.0,92.6,81.4,131.4,9.8,24.4,11.6,829.4,0.0,27.8,0.4,1.0,4.4,2.8,47.0,0.0,3.6,0.2,0.0,17.124643213255105
655990.0,3.2,2.6,128.0,51.547729200000006,-0.45558626,4923.0953584,0.4,1.2,0.0,23.6,10.2,61.8,6.6,13.8,2.4,1665.0,0.6,28.8,1.2,1.6,1.0,3.2,35.0,0.0,1.4,0.6,2.4,23.208359009055037
731237.5,3.0,2.0,125.5,51.49961125,-0.376952375,6634.011136499999,0.75,1.0,0.0,68.25,35.0,119.5,9.75,15.5,23.25,1341.75,0.5,22.5,1.5,1.75,2.75,3.75,46.5,0.5,3.25,0.0,0.0,17.333825859634565
573333.3333333334,3.3333333333333335,2.0,113.66666666666667,51.507113216666674,-0.42259057099999997,5045.676420666667,0.3333333333333333,2.0,0.0,80.33333333333333,30.0,141.0,9.666666666666666,17.333333333333332,29.666666666666668,1672.6666666666667,0.0,28.333333333333332,1.6666666666666667,4.333333333333333,6.333333333333333,3.6666666666666665,52.666666666666664,0.0,6.333333333333333,0.0,0.0,20.472138025938204
649950.0,4.0,1.0,94.0,51.5112423,-0.3910674,6914.361702,1.0,1.0,0.0,80.0,104.0,87.0,7.0,12.0,10.0,832.0,0.0,15.0,0.0,0.0,2.0,0.0,47.0,0.0,2.0,0.0,0.0,18.28268336899848
1033333.3333333334,3.0,2.0,167.66666666666666,51.5406867,-0.3825180666666667,5991.246209,0.6666666666666666,1.0,0.0,56.0,18.666666666666668,95.33333333333333,11.666666666666666,15.666666666666666,12.0,1119.6666666666667,0.0,38.0,0.6666666666666666,1.6666666666666667,2.6666666666666665,3.6666666666666665,58.333333333333336,0.0,3.0,0.0,0.6666666666666666,18.077928824708184
909992.8571428572,3.5714285714285716,2.142857142857143,141.14285714285714,51.536244935714286,-0.34136073657142857,6494.451392571428,0.7142857142857143,1.0,0.0,70.28571428571429,20.0,119.42857142857143,7.0,17.285714285714285,13.0,1045.2857142857142,0.0,36.142857142857146,1.1428571428571428,2.142857142857143,3.7142857142857144,3.5714285714285716,53.0,0.42857142857142855,6.0,0.7142857142857143,2.2857142857142856,15.221430889132536
545000.0,4.0,1.0,100.0,51.502014599999995,-0.46384595,5864.3262655,0.5,1.0,0.0,39.5,12.0,69.0,7.0,4.5,4.0,1674.5,0.0,19.5,1.0,0.5,3.0,4.0,37.0,0.0,2.0,0.0,0.0,23.34100901886891
519000.0,2.8,1.6,92.4,51.54125386,-0.47905432000000003,5900.7077666,0.8,1.4,0.0,33.0,22.4,96.0,7.0,12.0,26.8,1676.2,0.8,22.2,1.0,2.4,0.8,2.0,51.6,0.0,4.6,0.6,0.0,24.693154393703296
752500.0,3.25,1.75,137.25,51.598636299999995,-0.48288875,5840.46533275,1.0,0.25,0.0,3.75,2.0,18.5,0.75,1.25,1.5,1471.0,0.5,10.0,1.25,0.5,0.0,0.5,12.0,0.0,1.75,0.5,0.0,26.65089179261421
2284999.761904762,3.619047619047619,2.3333333333333335,179.66666666666666,51.52060172857143,-0.2157433761904762,12330.041063619046,0.5714285714285714,1.7142857142857142,0.0,174.42857142857142,107.33333333333333,287.6190476190476,33.23809523809524,59.904761904761905,23.476190476190474,2291.8571428571427,0.3333333333333333,52.857142857142854,4.142857142857143,15.333333333333334,4.0,13.666666666666666,106.9047619047619,0.47619047619047616,20.61904761904762,10.952380952380953,4.285714285714286,6.302405038761384
4685238.095238095,3.238095238095238,2.4761904761904763,207.71428571428572,51.509541228571436,-0.20548990642857143,19160.906444285712,0.47619047619047616,20.047619047619047,0.0,293.42857142857144,195.28571428571428,418.9047619047619,34.80952380952381,62.666666666666664,29.19047619047619,2267.6190476190477,0.0,59.714285714285715,11.619047619047619,18.857142857142858,7.190476190476191,7.333333333333333,134.0952380952381,0.047619047619047616,20.19047619047619,31.523809523809526,10.523809523809524,5.417196167633935
1567777.7777777778,3.5,2.2222222222222223,149.0,51.50632442222222,-0.2284893256666667,10738.538327555556,0.6666666666666666,12.333333333333334,0.0,378.0,269.27777777777777,433.0,34.0,66.55555555555556,35.22222222222222,1289.8333333333333,0.16666666666666666,72.77777777777777,6.111111111111111,21.833333333333332,11.0,9.333333333333334,140.33333333333334,0.16666666666666666,18.944444444444443,18.88888888888889,14.555555555555555,7.009204172890676
1078152.6315789474,3.789473684210526,1.7894736842105263,138.21052631578948,51.51229950526316,-0.3173585052631579,7940.145835842105,0.8421052631578947,4.421052631578948,0.0,160.10526315789474,56.89473684210526,251.52631578947367,24.36842105263158,50.73684210526316,17.36842105263158,791.4736842105264,0.0,41.421052631578945,1.736842105263158,5.2105263157894735,3.8947368421052633,3.263157894736842,96.6842105263158,0.8421052631578947,9.789473684210526,2.9473684210526314,0.6842105263157895,13.189498242509067
3790400.0,3.6,2.72,192.84,51.49820827600001,-0.2094645014,16428.99931084,0.76,16.12,0.0,143.4,49.12,291.24,23.16,37.68,19.04,1702.96,0.0,37.36,4.6,9.24,3.24,3.4,89.84,0.96,9.72,25.48,4.08,5.777366743361463
19750000.0,5.0,6.0,759.0,51.5228303,-0.1462367,26021.08037,0.0,83.0,0.0,1154.0,759.0,2764.0,119.0,699.0,197.0,3529.0,1.0,147.0,60.0,117.0,23.0,6.0,478.0,6.0,32.0,227.0,60.0,2.141304132230523
1262500.0,1.5,1.5,63.5,51.5131403,-0.13149,20164.50648,0.5,91.0,0.0,2527.0,1558.5,4785.5,205.0,330.0,393.5,2090.5,0.0,149.0,114.5,310.0,34.5,5.5,709.0,5.0,58.0,292.5,79.5,0.6899068055459002
1172500.0,1.75,1.5,70.5,51.513213575,-0.13594413375,18119.30901225,1.0,57.5,0.0,1762.0,1213.5,3225.5,105.5,195.0,241.5,3603.0,0.0,92.0,94.25,235.5,24.5,2.0,449.25,2.0,38.75,210.25,54.25,0.8672338108096472
3550000.0,2.6,2.0,237.2,51.520200880000004,-0.1471797,18018.610674,0.4,29.6,0.0,590.6,515.6,1876.2,73.8,627.6,147.2,3651.4,0.4,54.2,32.2,58.4,8.0,2.0,255.8,0.6,13.6,156.6,22.2,1.9616814408471843
1467999.8,2.4,1.6,83.0,51.51763082,-0.15984235519999998,18509.579118,0.2,61.0,0.0,638.0,507.2,1462.0,61.6,247.0,111.4,3642.4,0.2,86.8,25.8,32.6,19.6,2.2,226.4,1.2,12.2,106.0,26.6,2.504675141322376
4550000.0,2.5,2.5,133.0,51.509056425,-0.1440022215,33380.68182,0.0,67.5,0.0,1457.0,1405.0,3209.0,102.5,153.5,228.5,3632.0,0.0,111.0,118.0,173.0,36.0,1.0,432.0,1.0,33.5,236.5,54.0,1.1398846072001114
6291666.666666667,3.3333333333333335,3.3333333333333335,202.33333333333334,51.509082075,-0.15056467683333333,30806.03769166667,0.0,41.0,0.0,608.6666666666666,741.3333333333334,1671.5,46.333333333333336,103.33333333333333,118.66666666666667,3665.8333333333335,0.0,73.5,58.833333333333336,59.666666666666664,18.0,0.3333333333333333,219.5,0.6666666666666666,14.666666666666666,121.66666666666667,35.0,1.6209270777461346
7500000.0,4.0,4.0,219.0,51.5138453,-0.1407526,34246.57534,0.0,135.0,0.0,2443.0,1687.0,5515.0,206.0,537.0,376.0,3528.0,0.0,238.0,149.0,275.0,34.0,4.0,779.0,2.0,63.0,370.0,115.0,1.150142480317987
1173000.0,2.4,1.8,89.4,51.52161034000001,-0.13670652,14105.6870058,0.4,130.8,0.0,2572.2,1446.2,5001.0,225.0,539.4,385.0,611.6,0.0,226.6,98.4,284.2,44.8,12.2,830.4,9.8,65.0,354.8,97.4,1.6977614335193276
4180000.0,2.25,2.25,138.25,51.5193563,-0.1541255455,30616.805237499997,0.5,61.5,0.0,722.5,739.0,1961.75,85.25,561.0,149.5,3706.5,1.0,106.25,35.5,54.75,15.5,3.5,323.5,1.5,12.5,170.75,38.25,2.260482214201847
983333.3333333334,2.3333333333333335,1.0,66.66666666666667,51.51692263333333,-0.13798333333333332,14582.864746666666,0.3333333333333333,75.33333333333333,0.0,1907.6666666666667,1193.0,3991.3333333333335,157.33333333333334,497.3333333333333,289.0,3619.3333333333335,0.0,133.33333333333334,79.33333333333333,219.33333333333334,27.333333333333332,3.3333333333333335,567.0,2.6666666666666665,42.0,264.0,64.66666666666667,1.2754177792382961
1576057.142857143,2.3142857142857145,1.7428571428571429,103.25714285714285,51.51497438571428,-0.180004745,14831.966707771428,0.42857142857142855,84.28571428571429,0.0,435.9142857142857,230.71428571428572,721.1714285714286,39.2,102.0,47.714285714285715,3620.9142857142856,0.0,70.68571428571428,15.714285714285714,19.257142857142856,11.571428571428571,5.171428571428572,167.6,1.0,16.114285714285714,48.65714285714286,18.114285714285714,3.7420066063053046
1184961.5384615385,3.8076923076923075,2.0384615384615383,167.42307692307693,51.511583984615385,-0.26808328453846153,7477.549624730769,0.7307692307692307,2.6538461538461537,0.0,107.57692307692308,25.03846153846154,161.46153846153845,15.538461538461538,25.5,21.53846153846154,765.9230769230769,0.07692307692307693,33.76923076923077,0.8846153846153846,4.1923076923076925,3.6538461538461537,3.076923076923077,63.0,0.7692307692307693,9.115384615384615,2.9615384615384617,1.8076923076923077,9.772625768563692
1257620.0,3.3,2.1,142.375,51.4900111525,-0.26276203935,9006.2746085,0.7,3.875,0.0,113.85,54.1,223.425,20.5,39.225,23.825,1536.2,0.525,35.5,4.175,8.45,1.6,3.85,81.0,0.775,11.7,6.025,2.675,9.587173470468208
1305211.7391304348,3.891304347826087,2.391304347826087,174.19565217391303,51.51359451304348,-0.30231568921739127,7954.121611826087,0.6086956521739131,4.673913043478261,0.0,129.3913043478261,49.06521739130435,210.54347826086956,25.195652173913043,42.56521739130435,13.456521739130435,828.195652173913,0.2391304347826087,38.130434782608695,2.0652173913043477,5.8478260869565215,4.1521739130434785,2.152173913043478,87.84782608695652,0.5652173913043478,7.5,4.521739130434782,1.9565217391304348,12.181530441745908
2372812.5,4.1875,2.8125,194.5,51.493696496875,-0.22547328656249999,12494.552370687501,0.5,15.875,0.0,242.875,89.0,401.1875,39.4375,55.125,30.1875,1262.875,0.125,45.875,5.3125,19.125,5.875,5.25,123.8125,0.1875,16.3125,15.1875,6.6875,6.9790982077853405
1266666.6666666667,3.3333333333333335,2.0,147.33333333333334,51.512486599999995,-0.3337621333333333,8071.08017,0.3333333333333333,2.6666666666666665,0.0,171.33333333333334,59.0,271.0,24.666666666666668,51.0,22.333333333333332,1108.0,0.0,59.0,1.3333333333333333,5.0,6.0,3.6666666666666665,104.0,1.3333333333333333,9.333333333333334,2.3333333333333335,0.0,14.318702404967567
4683333.333333333,3.5238095238095237,2.880952380952381,215.85714285714286,51.500355408333334,-0.1920560611904762,20722.775426904762,0.8333333333333334,39.404761904761905,0.0,296.04761904761904,150.07142857142858,516.2380952380952,30.38095238095238,85.85714285714286,36.166666666666664,2096.690476190476,0.0,52.285714285714285,13.333333333333334,13.714285714285714,7.857142857142857,1.0238095238095237,144.85714285714286,0.023809523809523808,16.904761904761905,59.45238095238095,7.333333333333333,4.5417858093992605
1069825.8620689656,2.1724137931034484,1.5517241379310345,96.03448275862068,51.526371074137934,-0.18904181979310344,10539.41636727586,0.3793103448275862,34.86206896551724,0.0,323.44827586206895,96.24137931034483,487.0344827586207,44.93103448275862,92.17241379310344,29.17241379310345,3527.6206896551726,0.06896551724137931,82.72413793103448,8.241379310344827,17.655172413793103,9.827586206896552,14.931034482758621,149.93103448275863,1.793103448275862,21.517241379310345,35.172413793103445,9.241379310344827,4.761738758674237
900000.0,2.0,1.0,64.0,51.5185333,-0.1209976,14062.5,1.0,160.0,0.0,2972.0,1816.0,6324.0,313.0,421.0,559.0,650.0,0.0,253.0,141.0,331.0,42.0,10.0,1058.0,5.0,84.0,444.0,102.0,1.3256325849350528
1187500.0,3.0,1.5,101.5,51.519594,-0.1218382,12374.292894999999,1.0,119.0,0.0,1879.0,1027.0,4023.0,234.0,289.0,364.0,605.5,0.0,183.0,76.0,231.0,30.0,7.0,745.0,1.0,52.0,323.0,69.0,1.4184042592285238
1075000.0,2.0,2.0,74.0,51.5220411,-0.1336894,14527.02703,0.0,117.0,0.0,2123.0,943.0,3252.0,170.0,306.0,215.0,533.0,0.0,156.0,83.0,232.0,36.0,7.0,614.0,5.0,44.0,288.0,78.0,1.6794619151327044
1200000.0,2.0,1.0,79.0,51.5247305,-0.1278072,15189.87342,1.0,101.0,0.0,678.0,276.0,1290.0,131.0,172.0,100.0,600.0,0.0,81.0,28.0,78.0,12.0,8.0,349.0,1.0,29.0,148.0,34.0,1.9281592618851529
2432142.8571428573,3.142857142857143,2.857142857142857,210.0,51.52297948571429,-0.11744307142857142,13010.483921428573,0.8571428571428571,51.57142857142857,0.0,528.5714285714286,234.57142857142858,1466.4285714285713,102.42857142857143,128.71428571428572,181.57142857142858,564.0,0.0,69.28571428571429,25.0,46.57142857142857,7.285714285714286,9.142857142857142,275.7142857142857,0.42857142857142855,16.285714285714285,96.14285714285714,5.857142857142857,1.8808026199092807
1175000.0,2.5,2.0,69.5,51.51909535,-0.11532925,16915.422885,0.5,51.5,0.0,1237.0,819.0,3522.5,176.5,224.0,383.0,602.5,0.0,137.0,56.0,136.0,15.5,3.0,569.0,2.0,40.5,233.5,53.0,1.5629287739722635
3097500.0,2.5,2.0,166.5,51.5166282,-0.1224423,18651.740285,1.0,82.0,0.0,1505.0,685.0,3033.0,176.0,223.0,221.0,516.5,0.0,124.0,49.0,210.0,25.0,4.0,555.0,1.0,33.0,248.0,58.0,1.0920068153418254
1751666.6666666667,2.8333333333333335,1.8333333333333333,137.5,51.526438500000005,-0.11305866666666668,11308.2038275,0.6666666666666666,43.666666666666664,0.0,476.1666666666667,214.83333333333334,1313.5,81.16666666666667,101.16666666666667,182.5,1398.1666666666667,0.0,92.0,16.333333333333332,47.0,3.8333333333333335,16.166666666666668,258.6666666666667,1.5,18.333333333333332,63.333333333333336,7.0,2.3631963387759387
1037500.0,1.5,1.5,81.0,51.5142732,-0.11088313550000001,12633.6898405,0.5,23.0,0.0,630.0,353.5,2019.5,79.0,104.0,269.5,669.0,0.0,70.0,47.0,66.0,7.5,0.5,369.0,3.0,20.5,110.0,14.0,1.4016036641606457
1496250.0,1.75,1.25,104.5,51.514781625,-0.11841689999999999,18930.88131175,0.75,66.0,0.0,1459.75,730.0,3452.25,177.75,232.0,269.75,2665.5,0.0,132.0,67.25,196.0,20.75,4.0,597.25,1.75,39.25,232.0,63.0,1.0567978272889944
1747500.0,2.5,2.0,120.75,51.515562625,-0.1251036995,14360.341722500001,0.75,85.75,0.0,1991.75,929.0,3561.5,194.25,274.25,266.0,582.0,0.0,127.75,59.0,266.5,32.0,5.75,620.0,1.75,41.5,271.75,62.25,0.9298538726128971
